Filename,Predictions
8676.jpg,17
23523.jpg,7
23857.jpg,3
14079.jpg,2
251.jpg,1
29826.jpg,2
27266.jpg,2
7700.jpg,8
29950.jpg,6
754.jpg,4
16003.jpg,8
19696.jpg,11
9695.jpg,18
23665.jpg,11
28459.jpg,12
27873.jpg,18
18991.jpg,16
18763.jpg,9
4775.jpg,7
18005.jpg,7
24753.jpg,9
14844.jpg,17
17406.jpg,16
22530.jpg,18
22469.jpg,8
17987.jpg,8
24790.jpg,8
30735.jpg,11
13250.jpg,1
29220.jpg,18
368.jpg,3
17960.jpg,9
16538.jpg,4
7732.jpg,16
13553.jpg,11
21559.jpg,17
20043.jpg,11
7879.jpg,18
22955.jpg,13
19944.jpg,19
28679.jpg,18
20541.jpg,9
29063.jpg,7
29809.jpg,4
5546.jpg,9
22171.jpg,19
10983.jpg,2
909.jpg,9
30596.jpg,8
21011.jpg,14
24674.jpg,7
9925.jpg,18
3781.jpg,2
29600.jpg,17
21567.jpg,18
4712.jpg,9
16565.jpg,2
5005.jpg,19
16539.jpg,7
451.jpg,12
2014.jpg,18
9450.jpg,17
5807.jpg,13
760.jpg,8
387.jpg,14
19289.jpg,16
31693.jpg,19
14451.jpg,17
12698.jpg,9
12233.jpg,3
4830.jpg,9
15429.jpg,3
3363.jpg,16
18610.jpg,19
14881.jpg,14
24540.jpg,18
31623.jpg,3
17141.jpg,17
21763.jpg,9
15677.jpg,4
19210.jpg,9
23325.jpg,19
29636.jpg,14
20228.jpg,3
25293.jpg,13
10685.jpg,18
6123.jpg,9
5334.jpg,9
12278.jpg,16
6038.jpg,2
22114.jpg,8
13465.jpg,19
2211.jpg,18
23.jpg,16
13522.jpg,9
14977.jpg,6
17442.jpg,14
27723.jpg,19
30832.jpg,6
16992.jpg,18
6543.jpg,10
1772.jpg,11
17594.jpg,11
13772.jpg,12
17313.jpg,17
28070.jpg,3
2788.jpg,8
25640.jpg,11
20732.jpg,2
9.jpg,7
9708.jpg,3
28971.jpg,9
14604.jpg,6
9105.jpg,7
26693.jpg,9
21564.jpg,19
28778.jpg,17
11336.jpg,11
11308.jpg,18
24698.jpg,17
24818.jpg,19
770.jpg,16
28344.jpg,18
7057.jpg,8
5766.jpg,11
20012.jpg,9
13827.jpg,9
3391.jpg,9
23957.jpg,7
21225.jpg,7
27994.jpg,16
18384.jpg,12
25988.jpg,13
456.jpg,2
5274.jpg,9
2357.jpg,2
24446.jpg,9
20389.jpg,19
8013.jpg,11
9754.jpg,18
19319.jpg,3
27524.jpg,1
24159.jpg,18
1550.jpg,17
13894.jpg,9
23459.jpg,0
21639.jpg,0
8812.jpg,4
15894.jpg,3
15668.jpg,0
13723.jpg,17
332.jpg,16
22698.jpg,9
13104.jpg,17
3043.jpg,4
1987.jpg,1
8971.jpg,8
5658.jpg,17
19219.jpg,4
10644.jpg,17
4378.jpg,3
15273.jpg,19
23421.jpg,9
4290.jpg,11
15805.jpg,16
16531.jpg,8
22479.jpg,19
21189.jpg,9
1439.jpg,4
12424.jpg,9
8076.jpg,9
11196.jpg,6
6197.jpg,12
18648.jpg,9
15755.jpg,0
16866.jpg,16
26196.jpg,9
8899.jpg,2
15219.jpg,7
26663.jpg,2
23868.jpg,18
6874.jpg,3
15294.jpg,18
31888.jpg,3
3073.jpg,6
16234.jpg,7
5763.jpg,7
16266.jpg,16
21587.jpg,7
23938.jpg,18
30416.jpg,2
18681.jpg,13
16169.jpg,8
11007.jpg,5
30806.jpg,6
2338.jpg,0
22139.jpg,14
16172.jpg,0
667.jpg,9
19633.jpg,12
25056.jpg,10
22294.jpg,19
12205.jpg,8
20008.jpg,19
12467.jpg,7
6346.jpg,18
3773.jpg,18
9720.jpg,9
17611.jpg,7
18531.jpg,3
12555.jpg,18
12969.jpg,9
17737.jpg,0
2831.jpg,1
15344.jpg,6
14364.jpg,18
21867.jpg,17
8633.jpg,11
5126.jpg,9
4615.jpg,18
11458.jpg,13
10477.jpg,6
21415.jpg,6
9728.jpg,4
25667.jpg,19
9446.jpg,19
24892.jpg,2
21284.jpg,6
30323.jpg,9
22841.jpg,9
31447.jpg,13
16576.jpg,16
1665.jpg,19
599.jpg,0
22063.jpg,4
5954.jpg,14
6694.jpg,5
906.jpg,11
30192.jpg,1
29099.jpg,14
7650.jpg,8
5699.jpg,14
11842.jpg,11
16311.jpg,9
19536.jpg,3
26674.jpg,14
11957.jpg,9
13056.jpg,18
23045.jpg,9
24334.jpg,13
6291.jpg,19
17522.jpg,2
20570.jpg,6
20800.jpg,6
16318.jpg,1
23074.jpg,18
19266.jpg,4
6168.jpg,16
31202.jpg,9
29251.jpg,14
20583.jpg,4
30450.jpg,7
12042.jpg,12
3826.jpg,18
9132.jpg,18
4861.jpg,18
21456.jpg,14
4027.jpg,6
31474.jpg,11
23171.jpg,9
19347.jpg,2
24656.jpg,3
27583.jpg,9
5466.jpg,3
14487.jpg,5
3854.jpg,9
825.jpg,17
31208.jpg,13
12089.jpg,7
11465.jpg,6
28684.jpg,4
11874.jpg,6
23540.jpg,8
3296.jpg,18
22125.jpg,19
12917.jpg,8
19649.jpg,9
15100.jpg,2
31186.jpg,19
26969.jpg,6
12169.jpg,3
12349.jpg,7
4575.jpg,8
22236.jpg,14
22249.jpg,3
12772.jpg,18
19248.jpg,19
7346.jpg,14
13675.jpg,9
12800.jpg,6
3543.jpg,9
16475.jpg,18
3187.jpg,19
29859.jpg,18
18518.jpg,12
16139.jpg,2
20365.jpg,9
26210.jpg,1
2517.jpg,3
15321.jpg,10
14300.jpg,19
1515.jpg,18
31180.jpg,9
28992.jpg,18
22638.jpg,4
11611.jpg,0
13242.jpg,16
10564.jpg,18
1644.jpg,18
10548.jpg,7
20356.jpg,8
30629.jpg,16
23795.jpg,17
5840.jpg,9
30866.jpg,18
28031.jpg,4
374.jpg,2
6034.jpg,9
1703.jpg,7
7011.jpg,19
10387.jpg,18
30283.jpg,0
31442.jpg,0
26974.jpg,17
25523.jpg,18
20793.jpg,8
5031.jpg,14
18502.jpg,1
2302.jpg,18
1492.jpg,13
11651.jpg,9
22700.jpg,6
14329.jpg,9
28225.jpg,18
20165.jpg,16
9963.jpg,6
20367.jpg,6
20.jpg,3
7641.jpg,17
30595.jpg,19
7214.jpg,12
3756.jpg,9
2544.jpg,1
3306.jpg,2
2360.jpg,17
24341.jpg,18
21325.jpg,1
21217.jpg,16
29466.jpg,4
23139.jpg,11
15818.jpg,18
6278.jpg,11
27515.jpg,19
1600.jpg,3
3490.jpg,17
20346.jpg,2
2431.jpg,9
8586.jpg,19
22825.jpg,19
15257.jpg,19
5227.jpg,16
280.jpg,7
25986.jpg,19
17075.jpg,11
7329.jpg,2
6300.jpg,19
6728.jpg,18
8941.jpg,8
20276.jpg,2
29994.jpg,0
30982.jpg,12
20265.jpg,6
24742.jpg,16
10483.jpg,2
15092.jpg,2
15718.jpg,11
7891.jpg,17
6325.jpg,14
14145.jpg,9
6355.jpg,4
10289.jpg,17
22738.jpg,19
9313.jpg,9
15406.jpg,6
5007.jpg,9
19926.jpg,6
4018.jpg,9
20881.jpg,18
25882.jpg,18
7421.jpg,16
12631.jpg,9
1472.jpg,1
9550.jpg,4
21640.jpg,6
12592.jpg,19
17603.jpg,18
23943.jpg,9
13319.jpg,18
9424.jpg,16
23799.jpg,17
26282.jpg,6
22178.jpg,2
14056.jpg,4
4855.jpg,19
14455.jpg,6
22401.jpg,4
4724.jpg,1
13735.jpg,16
8522.jpg,13
9260.jpg,19
340.jpg,8
19740.jpg,19
3822.jpg,1
4375.jpg,16
28793.jpg,14
46.jpg,16
14590.jpg,9
11062.jpg,7
15892.jpg,17
5491.jpg,9
23635.jpg,16
21810.jpg,16
14575.jpg,9
4468.jpg,11
4777.jpg,17
4556.jpg,3
23268.jpg,1
829.jpg,18
10525.jpg,8
16200.jpg,12
16322.jpg,17
18630.jpg,16
23967.jpg,11
26381.jpg,13
28118.jpg,5
23164.jpg,19
16780.jpg,0
25507.jpg,11
3257.jpg,0
21985.jpg,16
27364.jpg,0
2177.jpg,18
8519.jpg,0
14509.jpg,0
16671.jpg,5
28837.jpg,18
25302.jpg,3
18983.jpg,4
12436.jpg,0
9475.jpg,19
22745.jpg,9
9965.jpg,2
25527.jpg,18
20201.jpg,2
7690.jpg,2
591.jpg,4
8416.jpg,19
4535.jpg,9
20725.jpg,0
10842.jpg,17
26097.jpg,6
25701.jpg,6
29392.jpg,16
26443.jpg,2
14274.jpg,7
866.jpg,8
273.jpg,1
1709.jpg,18
28336.jpg,5
1341.jpg,2
21649.jpg,4
29423.jpg,16
31219.jpg,0
12525.jpg,14
353.jpg,6
17065.jpg,9
29319.jpg,17
11411.jpg,9
12223.jpg,14
21569.jpg,7
11780.jpg,6
4850.jpg,6
28345.jpg,18
21221.jpg,4
24484.jpg,0
19599.jpg,8
30739.jpg,13
9156.jpg,12
7899.jpg,11
3120.jpg,3
3990.jpg,6
5385.jpg,16
1501.jpg,4
27409.jpg,9
23693.jpg,11
290.jpg,1
4418.jpg,17
22355.jpg,8
22218.jpg,12
11694.jpg,16
18317.jpg,16
8872.jpg,19
20342.jpg,6
3709.jpg,1
25874.jpg,17
2720.jpg,17
8524.jpg,16
687.jpg,19
25526.jpg,19
12284.jpg,4
16307.jpg,6
21938.jpg,3
7749.jpg,16
24539.jpg,14
30275.jpg,9
4629.jpg,9
1404.jpg,11
26261.jpg,2
19292.jpg,16
3901.jpg,7
23510.jpg,8
21931.jpg,11
17091.jpg,13
29621.jpg,2
17331.jpg,6
12279.jpg,19
27868.jpg,19
19900.jpg,2
13806.jpg,7
16019.jpg,14
1814.jpg,3
17161.jpg,13
6095.jpg,9
26766.jpg,16
20251.jpg,14
22115.jpg,3
2703.jpg,0
14268.jpg,9
28928.jpg,2
13028.jpg,4
30078.jpg,4
19472.jpg,9
348.jpg,17
211.jpg,17
5295.jpg,3
13344.jpg,14
24011.jpg,2
27867.jpg,13
25328.jpg,11
17675.jpg,18
4187.jpg,18
25960.jpg,16
30289.jpg,1
26544.jpg,17
17158.jpg,19
20773.jpg,14
843.jpg,3
23894.jpg,7
5650.jpg,9
20384.jpg,18
440.jpg,18
18642.jpg,9
5358.jpg,11
14579.jpg,19
24694.jpg,2
2664.jpg,2
20176.jpg,16
29157.jpg,17
15129.jpg,13
5803.jpg,7
30926.jpg,9
28461.jpg,16
28864.jpg,3
8063.jpg,17
16570.jpg,11
28332.jpg,19
2618.jpg,14
19171.jpg,9
3061.jpg,1
20845.jpg,9
16877.jpg,19
11622.jpg,17
28039.jpg,9
22563.jpg,14
2499.jpg,3
297.jpg,0
9717.jpg,6
643.jpg,18
1572.jpg,1
28322.jpg,4
14895.jpg,3
23922.jpg,19
14556.jpg,18
29604.jpg,3
31027.jpg,2
20013.jpg,10
1666.jpg,1
5040.jpg,6
14723.jpg,3
27121.jpg,4
12701.jpg,4
4989.jpg,16
17954.jpg,3
24549.jpg,9
10684.jpg,8
22936.jpg,19
27471.jpg,6
11545.jpg,18
20856.jpg,0
6641.jpg,4
14913.jpg,18
21597.jpg,17
24518.jpg,8
239.jpg,2
25941.jpg,3
11197.jpg,18
25094.jpg,19
21364.jpg,7
19122.jpg,14
11331.jpg,16
18012.jpg,19
5038.jpg,14
18042.jpg,7
381.jpg,6
26365.jpg,9
18178.jpg,9
6518.jpg,8
28745.jpg,9
26256.jpg,5
27435.jpg,4
11977.jpg,9
30551.jpg,11
12397.jpg,16
19853.jpg,11
24608.jpg,8
10176.jpg,7
26312.jpg,19
638.jpg,9
7913.jpg,9
13154.jpg,6
21566.jpg,7
6890.jpg,6
22128.jpg,14
27458.jpg,6
1310.jpg,6
3193.jpg,9
8339.jpg,11
13054.jpg,1
6472.jpg,2
29814.jpg,3
436.jpg,11
25428.jpg,9
12523.jpg,16
29456.jpg,17
265.jpg,9
1502.jpg,11
9744.jpg,19
16699.jpg,7
11851.jpg,9
6381.jpg,1
4606.jpg,14
4024.jpg,16
5794.jpg,18
9907.jpg,8
27612.jpg,4
30588.jpg,14
27543.jpg,17
16663.jpg,9
11445.jpg,16
29224.jpg,17
16429.jpg,9
9077.jpg,7
12984.jpg,2
11680.jpg,7
15244.jpg,19
10059.jpg,2
30320.jpg,18
5739.jpg,18
20954.jpg,14
28370.jpg,11
23761.jpg,19
1417.jpg,6
10641.jpg,19
15617.jpg,2
6870.jpg,11
25493.jpg,16
10930.jpg,2
24938.jpg,9
6370.jpg,9
16373.jpg,4
4318.jpg,18
6711.jpg,18
6386.jpg,0
9502.jpg,2
31196.jpg,13
26596.jpg,8
19511.jpg,12
9231.jpg,4
23003.jpg,9
13595.jpg,19
15182.jpg,19
26765.jpg,11
682.jpg,7
8040.jpg,18
943.jpg,6
12520.jpg,19
15694.jpg,18
29274.jpg,0
31863.jpg,4
21469.jpg,14
26287.jpg,12
25989.jpg,7
15142.jpg,9
3972.jpg,1
22485.jpg,7
22784.jpg,0
27371.jpg,12
8470.jpg,16
21586.jpg,7
11566.jpg,9
10894.jpg,11
13964.jpg,19
14032.jpg,11
12184.jpg,16
13018.jpg,9
67.jpg,8
10356.jpg,9
5257.jpg,11
13879.jpg,1
18196.jpg,0
22580.jpg,17
29279.jpg,11
18323.jpg,6
25382.jpg,11
8193.jpg,13
17109.jpg,8
31590.jpg,14
17648.jpg,11
31381.jpg,0
21772.jpg,3
6141.jpg,19
14621.jpg,3
15645.jpg,1
10095.jpg,11
10687.jpg,7
11194.jpg,1
24900.jpg,3
31372.jpg,9
29462.jpg,9
17815.jpg,19
10449.jpg,9
29798.jpg,6
8368.jpg,12
25691.jpg,11
26771.jpg,13
31760.jpg,8
16255.jpg,19
31492.jpg,7
24105.jpg,6
6645.jpg,16
20213.jpg,13
27250.jpg,0
27610.jpg,8
4199.jpg,1
8016.jpg,17
12162.jpg,12
1015.jpg,2
22121.jpg,9
20282.jpg,19
30411.jpg,12
29179.jpg,14
6950.jpg,6
5497.jpg,3
11969.jpg,11
7755.jpg,2
28755.jpg,17
15115.jpg,1
11298.jpg,12
29765.jpg,9
21293.jpg,16
19125.jpg,6
16939.jpg,9
2621.jpg,12
20936.jpg,19
23292.jpg,12
28177.jpg,16
28906.jpg,7
4581.jpg,17
10650.jpg,13
14442.jpg,12
30131.jpg,12
9112.jpg,0
29682.jpg,18
1561.jpg,19
8109.jpg,8
9187.jpg,5
27391.jpg,18
19707.jpg,19
28386.jpg,4
21824.jpg,19
14976.jpg,18
5696.jpg,0
1736.jpg,9
12234.jpg,8
24217.jpg,9
15144.jpg,6
364.jpg,9
2257.jpg,18
29163.jpg,16
17813.jpg,14
2734.jpg,18
5609.jpg,19
15188.jpg,0
23958.jpg,9
22805.jpg,6
5416.jpg,0
18737.jpg,7
25433.jpg,18
20661.jpg,9
29263.jpg,11
20349.jpg,8
19981.jpg,6
2424.jpg,8
19100.jpg,4
20574.jpg,6
11560.jpg,2
1053.jpg,1
3126.jpg,18
24762.jpg,11
7066.jpg,9
12686.jpg,18
1904.jpg,18
2471.jpg,11
1322.jpg,16
23834.jpg,2
2903.jpg,3
5186.jpg,11
26874.jpg,2
17708.jpg,19
16771.jpg,4
17942.jpg,16
17718.jpg,17
18122.jpg,14
16816.jpg,19
21908.jpg,19
4001.jpg,16
26303.jpg,2
12564.jpg,13
19506.jpg,2
11964.jpg,13
26390.jpg,3
30014.jpg,11
15467.jpg,7
20164.jpg,11
12125.jpg,3
4128.jpg,3
17291.jpg,6
2136.jpg,7
1033.jpg,1
10887.jpg,4
16372.jpg,7
561.jpg,2
10409.jpg,19
23122.jpg,12
4954.jpg,6
11800.jpg,9
15089.jpg,11
14176.jpg,11
15102.jpg,8
23154.jpg,8
11534.jpg,18
3022.jpg,19
6127.jpg,17
11390.jpg,16
10892.jpg,9
2547.jpg,19
10313.jpg,0
15554.jpg,6
31599.jpg,9
4050.jpg,9
11506.jpg,2
30093.jpg,6
30527.jpg,18
5963.jpg,5
362.jpg,16
12993.jpg,6
16743.jpg,14
4869.jpg,8
21457.jpg,1
25901.jpg,9
25932.jpg,3
6630.jpg,1
10503.jpg,8
2875.jpg,18
27109.jpg,3
27044.jpg,0
17251.jpg,9
3553.jpg,1
15161.jpg,19
17507.jpg,18
7237.jpg,8
11864.jpg,14
27992.jpg,4
6433.jpg,4
8266.jpg,17
27644.jpg,7
15205.jpg,1
28109.jpg,18
17194.jpg,9
17645.jpg,18
31230.jpg,9
7247.jpg,4
27832.jpg,9
17978.jpg,9
31357.jpg,2
17961.jpg,16
25026.jpg,4
20153.jpg,11
8247.jpg,13
532.jpg,1
7162.jpg,9
4696.jpg,19
30084.jpg,7
30602.jpg,6
27849.jpg,9
3426.jpg,16
26939.jpg,9
4942.jpg,6
22554.jpg,8
27066.jpg,2
14503.jpg,2
10505.jpg,18
15171.jpg,4
19023.jpg,18
7044.jpg,18
4734.jpg,16
15148.jpg,0
30779.jpg,13
14381.jpg,11
9958.jpg,14
6773.jpg,7
12318.jpg,1
16830.jpg,14
31650.jpg,9
29489.jpg,5
25106.jpg,18
5533.jpg,7
6658.jpg,9
17583.jpg,6
30272.jpg,4
29603.jpg,18
31836.jpg,4
11592.jpg,6
3305.jpg,11
13180.jpg,11
22365.jpg,3
30388.jpg,9
29775.jpg,13
1249.jpg,14
23301.jpg,3
5878.jpg,18
24307.jpg,14
26213.jpg,19
11958.jpg,18
15791.jpg,11
13726.jpg,18
18484.jpg,11
17017.jpg,8
3178.jpg,18
26807.jpg,6
4137.jpg,11
9648.jpg,6
6931.jpg,0
2558.jpg,9
11125.jpg,18
18945.jpg,2
3341.jpg,9
10799.jpg,3
7338.jpg,18
19928.jpg,3
31918.jpg,3
15940.jpg,7
6204.jpg,19
13835.jpg,17
4300.jpg,0
18753.jpg,9
17178.jpg,16
30541.jpg,6
7912.jpg,7
19790.jpg,19
458.jpg,7
29597.jpg,19
16027.jpg,19
28935.jpg,8
18522.jpg,19
28558.jpg,14
15414.jpg,11
5775.jpg,11
2386.jpg,19
2556.jpg,6
15779.jpg,18
8093.jpg,9
8240.jpg,9
12661.jpg,9
20172.jpg,17
14822.jpg,19
3276.jpg,10
30453.jpg,8
15213.jpg,9
24355.jpg,9
14045.jpg,0
1947.jpg,9
27637.jpg,9
6599.jpg,11
28785.jpg,11
11630.jpg,9
13432.jpg,18
4166.jpg,18
9530.jpg,3
2355.jpg,9
30592.jpg,16
4776.jpg,3
9962.jpg,11
19418.jpg,2
27908.jpg,16
30058.jpg,6
25629.jpg,8
5370.jpg,9
1164.jpg,13
2489.jpg,16
4528.jpg,19
2408.jpg,18
16686.jpg,18
22927.jpg,9
10673.jpg,1
30974.jpg,8
31743.jpg,14
27354.jpg,17
23219.jpg,9
3400.jpg,18
30740.jpg,8
19767.jpg,11
20914.jpg,9
23829.jpg,12
5639.jpg,8
9238.jpg,11
11443.jpg,9
8446.jpg,9
22487.jpg,4
30532.jpg,8
15696.jpg,9
31146.jpg,11
8916.jpg,9
23224.jpg,18
2234.jpg,18
2344.jpg,7
11159.jpg,14
18088.jpg,9
12064.jpg,8
30179.jpg,14
23348.jpg,17
26763.jpg,19
23190.jpg,2
16303.jpg,19
2714.jpg,6
11398.jpg,19
11438.jpg,4
3041.jpg,17
17301.jpg,9
7909.jpg,17
19066.jpg,11
3504.jpg,7
25998.jpg,7
25952.jpg,9
25896.jpg,1
20006.jpg,3
17087.jpg,0
21161.jpg,9
31834.jpg,5
19613.jpg,14
23706.jpg,4
8160.jpg,3
16494.jpg,19
29078.jpg,6
27748.jpg,0
10965.jpg,18
18043.jpg,18
21795.jpg,2
1650.jpg,19
7604.jpg,1
14927.jpg,4
10247.jpg,2
27618.jpg,0
5342.jpg,9
30942.jpg,18
8044.jpg,8
28552.jpg,11
13438.jpg,8
28799.jpg,12
23887.jpg,9
8960.jpg,18
14856.jpg,11
1884.jpg,8
12167.jpg,8
29091.jpg,9
26246.jpg,5
18223.jpg,9
6552.jpg,17
10845.jpg,6
7352.jpg,8
3046.jpg,9
24141.jpg,3
19181.jpg,9
30988.jpg,18
16991.jpg,9
20783.jpg,18
13859.jpg,0
3708.jpg,5
4071.jpg,9
22932.jpg,4
26155.jpg,1
1509.jpg,2
2216.jpg,3
3750.jpg,3
13520.jpg,6
25707.jpg,6
19870.jpg,19
10692.jpg,18
6772.jpg,11
31868.jpg,9
31408.jpg,19
30828.jpg,16
8501.jpg,9
4285.jpg,18
2696.jpg,17
22694.jpg,8
21029.jpg,2
23851.jpg,13
12614.jpg,18
7309.jpg,18
20298.jpg,6
24495.jpg,17
482.jpg,13
13485.jpg,9
7325.jpg,9
26978.jpg,8
2109.jpg,6
18587.jpg,4
289.jpg,19
28526.jpg,19
29667.jpg,18
4669.jpg,16
13353.jpg,4
9193.jpg,4
9795.jpg,13
2671.jpg,11
9467.jpg,6
25668.jpg,16
16758.jpg,11
31033.jpg,9
5990.jpg,19
18938.jpg,6
5892.jpg,9
14877.jpg,1
7557.jpg,12
617.jpg,9
27286.jpg,9
19121.jpg,9
13702.jpg,17
5988.jpg,8
14067.jpg,0
12202.jpg,7
30825.jpg,19
1002.jpg,9
12649.jpg,9
7871.jpg,18
22255.jpg,11
22524.jpg,0
19446.jpg,2
2723.jpg,18
5727.jpg,11
14754.jpg,1
5612.jpg,3
3211.jpg,18
22774.jpg,6
6171.jpg,16
5421.jpg,9
27728.jpg,6
24809.jpg,1
19088.jpg,11
19449.jpg,12
19405.jpg,0
26453.jpg,8
27843.jpg,16
28257.jpg,12
14581.jpg,9
14214.jpg,9
20134.jpg,9
9531.jpg,9
6388.jpg,17
8507.jpg,19
14648.jpg,2
8250.jpg,0
15986.jpg,17
23235.jpg,18
2764.jpg,0
15582.jpg,7
4448.jpg,9
6469.jpg,18
20707.jpg,18
29168.jpg,3
10797.jpg,18
7224.jpg,18
4219.jpg,17
12682.jpg,19
26853.jpg,6
6031.jpg,9
13721.jpg,8
1559.jpg,1
1358.jpg,19
10063.jpg,16
3501.jpg,9
9000.jpg,1
3287.jpg,2
20437.jpg,8
11565.jpg,6
17595.jpg,17
29174.jpg,7
20923.jpg,9
1638.jpg,8
14265.jpg,6
7831.jpg,7
11191.jpg,9
29050.jpg,12
9833.jpg,9
5181.jpg,7
22730.jpg,0
23437.jpg,7
29947.jpg,8
14979.jpg,16
23097.jpg,6
7858.jpg,7
8733.jpg,6
18201.jpg,0
11330.jpg,11
19846.jpg,17
13585.jpg,16
7000.jpg,9
8651.jpg,9
17427.jpg,14
2079.jpg,9
1198.jpg,3
4087.jpg,6
28965.jpg,12
18627.jpg,10
31550.jpg,11
5373.jpg,18
26371.jpg,2
14468.jpg,8
10360.jpg,7
6922.jpg,11
8996.jpg,9
1582.jpg,6
29638.jpg,3
6835.jpg,2
1717.jpg,17
17007.jpg,18
9369.jpg,2
23618.jpg,9
3757.jpg,3
2161.jpg,4
6403.jpg,6
30368.jpg,9
22014.jpg,7
27063.jpg,7
4751.jpg,19
8821.jpg,7
25939.jpg,1
26924.jpg,16
3617.jpg,19
3842.jpg,19
264.jpg,14
21440.jpg,0
17664.jpg,9
16747.jpg,19
2062.jpg,13
11803.jpg,9
3460.jpg,9
28823.jpg,0
15457.jpg,0
7741.jpg,17
21886.jpg,6
10555.jpg,11
2784.jpg,9
1203.jpg,17
25101.jpg,9
21551.jpg,13
25117.jpg,9
23264.jpg,17
1259.jpg,9
386.jpg,2
23155.jpg,2
24631.jpg,9
15491.jpg,4
29802.jpg,16
6783.jpg,18
29642.jpg,14
25126.jpg,19
18340.jpg,7
10068.jpg,11
13341.jpg,14
23721.jpg,12
15449.jpg,6
24092.jpg,1
7924.jpg,9
12756.jpg,19
15434.jpg,3
202.jpg,17
18383.jpg,9
7422.jpg,13
18386.jpg,3
20849.jpg,8
17370.jpg,9
11809.jpg,12
30662.jpg,19
26758.jpg,18
29440.jpg,14
1071.jpg,1
3267.jpg,1
22826.jpg,13
23913.jpg,19
29453.jpg,17
23692.jpg,9
7709.jpg,16
31493.jpg,18
4594.jpg,14
31770.jpg,2
14863.jpg,17
20691.jpg,18
22999.jpg,19
6480.jpg,19
3986.jpg,9
21580.jpg,18
19974.jpg,0
30172.jpg,5
17670.jpg,2
8410.jpg,4
30627.jpg,16
21422.jpg,2
19167.jpg,14
26393.jpg,8
31088.jpg,0
9942.jpg,17
1177.jpg,9
9039.jpg,6
31329.jpg,0
19112.jpg,9
11063.jpg,16
24632.jpg,17
21823.jpg,16
18121.jpg,2
17518.jpg,9
15181.jpg,3
5084.jpg,0
23551.jpg,19
22252.jpg,9
28245.jpg,2
29257.jpg,2
5188.jpg,18
5783.jpg,12
16982.jpg,6
417.jpg,0
441.jpg,16
10953.jpg,3
8049.jpg,16
188.jpg,6
22435.jpg,9
29825.jpg,1
1742.jpg,6
26665.jpg,17
24625.jpg,11
9001.jpg,17
21899.jpg,1
4692.jpg,19
20383.jpg,9
24126.jpg,2
8675.jpg,19
9144.jpg,19
351.jpg,14
8854.jpg,0
27914.jpg,9
3939.jpg,18
10574.jpg,9
27377.jpg,11
12908.jpg,19
24933.jpg,7
2191.jpg,18
12228.jpg,19
2391.jpg,13
28582.jpg,2
28585.jpg,7
7566.jpg,6
7067.jpg,16
29405.jpg,0
29774.jpg,17
15401.jpg,10
5837.jpg,3
28169.jpg,6
6951.jpg,16
30039.jpg,18
26230.jpg,6
9465.jpg,18
5486.jpg,17
4627.jpg,13
11976.jpg,12
8589.jpg,11
31234.jpg,11
8085.jpg,13
4185.jpg,18
8503.jpg,13
24013.jpg,4
8981.jpg,14
29897.jpg,0
10165.jpg,17
28983.jpg,18
29502.jpg,17
22458.jpg,11
14477.jpg,14
3273.jpg,18
9990.jpg,6
12886.jpg,9
16489.jpg,14
26126.jpg,3
25449.jpg,4
9622.jpg,8
1986.jpg,9
30605.jpg,2
19333.jpg,1
27722.jpg,18
2682.jpg,7
11448.jpg,7
12855.jpg,8
15944.jpg,2
16365.jpg,17
6591.jpg,16
14553.jpg,18
29933.jpg,0
5120.jpg,19
7485.jpg,16
2827.jpg,2
18628.jpg,9
2145.jpg,16
8535.jpg,7
10788.jpg,0
30386.jpg,18
30977.jpg,9
15199.jpg,2
5682.jpg,16
29780.jpg,1
27892.jpg,17
12561.jpg,2
177.jpg,2
26279.jpg,9
474.jpg,7
12846.jpg,2
27706.jpg,9
15379.jpg,11
15556.jpg,11
7633.jpg,6
16089.jpg,2
20454.jpg,9
21168.jpg,9
11148.jpg,14
20610.jpg,4
13049.jpg,18
23880.jpg,19
5710.jpg,11
16734.jpg,2
27418.jpg,1
963.jpg,3
25122.jpg,18
12034.jpg,3
17997.jpg,18
11759.jpg,17
30812.jpg,17
6198.jpg,19
25738.jpg,7
25372.jpg,17
207.jpg,6
12628.jpg,6
9356.jpg,13
20388.jpg,18
8229.jpg,18
17324.jpg,12
22334.jpg,14
19368.jpg,9
13281.jpg,6
14353.jpg,17
27697.jpg,11
25769.jpg,17
16051.jpg,9
7262.jpg,4
12721.jpg,9
5929.jpg,3
24482.jpg,7
21562.jpg,7
4008.jpg,13
25883.jpg,9
13129.jpg,16
30876.jpg,11
19714.jpg,19
27496.jpg,11
3747.jpg,18
30848.jpg,9
11110.jpg,0
24479.jpg,13
27896.jpg,9
26825.jpg,11
9500.jpg,19
25185.jpg,6
23903.jpg,5
12396.jpg,7
23385.jpg,14
2914.jpg,12
7743.jpg,17
18326.jpg,2
23175.jpg,9
27572.jpg,9
23463.jpg,6
19953.jpg,14
10468.jpg,18
309.jpg,16
6757.jpg,16
30441.jpg,1
16408.jpg,14
27812.jpg,11
3746.jpg,6
18992.jpg,19
31819.jpg,1
4140.jpg,19
10530.jpg,6
7075.jpg,18
2165.jpg,18
19967.jpg,2
9385.jpg,19
27691.jpg,19
6180.jpg,2
1540.jpg,11
4349.jpg,2
9839.jpg,0
17894.jpg,19
30759.jpg,18
9216.jpg,17
31495.jpg,16
14289.jpg,6
26418.jpg,13
19189.jpg,2
28018.jpg,19
13782.jpg,9
2952.jpg,9
15315.jpg,19
28008.jpg,6
27412.jpg,9
19022.jpg,9
20907.jpg,7
27875.jpg,19
18424.jpg,7
16662.jpg,16
6679.jpg,6
4704.jpg,17
1834.jpg,11
14161.jpg,5
9099.jpg,1
17119.jpg,17
26735.jpg,1
4584.jpg,2
1924.jpg,7
30094.jpg,8
12152.jpg,17
5406.jpg,14
2536.jpg,4
10370.jpg,16
18825.jpg,17
19929.jpg,18
24635.jpg,9
20083.jpg,6
6130.jpg,18
31324.jpg,9
6111.jpg,9
26692.jpg,17
10052.jpg,11
1020.jpg,19
29754.jpg,14
25709.jpg,14
7176.jpg,6
26719.jpg,14
17130.jpg,17
27746.jpg,9
7020.jpg,7
31367.jpg,19
14302.jpg,7
24508.jpg,1
13089.jpg,8
17209.jpg,6
169.jpg,4
1836.jpg,18
7399.jpg,11
12975.jpg,17
21455.jpg,19
28916.jpg,14
26478.jpg,3
30542.jpg,4
14571.jpg,17
27959.jpg,6
29564.jpg,19
8965.jpg,17
30761.jpg,4
2889.jpg,4
232.jpg,9
31618.jpg,3
19785.jpg,17
5388.jpg,6
4170.jpg,6
15585.jpg,0
14838.jpg,2
28584.jpg,2
22533.jpg,9
10920.jpg,14
26899.jpg,10
24891.jpg,19
10308.jpg,13
12534.jpg,17
12496.jpg,9
7919.jpg,14
3603.jpg,18
15193.jpg,3
20858.jpg,17
200.jpg,4
1063.jpg,6
4464.jpg,9
20606.jpg,18
13448.jpg,6
27419.jpg,19
15569.jpg,9
10210.jpg,7
24273.jpg,8
21375.jpg,7
15214.jpg,8
13346.jpg,17
21392.jpg,17
2802.jpg,17
29176.jpg,9
18272.jpg,8
26151.jpg,19
17597.jpg,1
20665.jpg,11
23831.jpg,1
23186.jpg,4
31043.jpg,19
27156.jpg,1
8545.jpg,3
11608.jpg,3
8138.jpg,13
26145.jpg,19
11714.jpg,3
25836.jpg,8
28635.jpg,3
30486.jpg,16
18956.jpg,8
11787.jpg,5
26389.jpg,16
27311.jpg,13
31658.jpg,3
6008.jpg,17
27901.jpg,14
5885.jpg,2
28519.jpg,7
27858.jpg,6
8353.jpg,11
20577.jpg,1
10310.jpg,2
26093.jpg,18
5586.jpg,7
4949.jpg,17
24146.jpg,0
6463.jpg,6
3860.jpg,9
14210.jpg,1
26392.jpg,18
21056.jpg,19
18378.jpg,6
26204.jpg,2
7160.jpg,9
16835.jpg,12
28662.jpg,3
28883.jpg,9
8011.jpg,18
27428.jpg,6
24457.jpg,3
13468.jpg,19
8647.jpg,19
28598.jpg,8
28856.jpg,16
1959.jpg,16
1375.jpg,6
10257.jpg,6
21256.jpg,19
17090.jpg,2
10399.jpg,9
3936.jpg,6
30534.jpg,7
25876.jpg,16
29744.jpg,11
10764.jpg,4
18556.jpg,2
30176.jpg,11
5983.jpg,17
15957.jpg,3
22590.jpg,19
16031.jpg,9
26897.jpg,7
11758.jpg,11
3823.jpg,6
30253.jpg,0
5043.jpg,0
15564.jpg,7
19097.jpg,18
12560.jpg,18
31823.jpg,0
30954.jpg,18
7809.jpg,16
12077.jpg,8
5275.jpg,2
14287.jpg,0
27681.jpg,3
16262.jpg,7
11096.jpg,18
29390.jpg,2
9666.jpg,14
24944.jpg,18
3697.jpg,19
10007.jpg,3
16875.jpg,10
1144.jpg,1
27088.jpg,14
19492.jpg,17
23143.jpg,9
15765.jpg,7
20155.jpg,0
16497.jpg,13
21812.jpg,19
41.jpg,8
15305.jpg,6
25306.jpg,6
18159.jpg,18
4731.jpg,19
16542.jpg,18
13641.jpg,19
14651.jpg,14
10065.jpg,19
8101.jpg,3
26491.jpg,18
15046.jpg,18
13566.jpg,7
5678.jpg,9
7178.jpg,14
2270.jpg,11
3875.jpg,11
23174.jpg,9
12946.jpg,14
6675.jpg,14
29955.jpg,14
18662.jpg,11
12052.jpg,16
13066.jpg,7
8515.jpg,7
2274.jpg,11
7651.jpg,9
26619.jpg,9
25123.jpg,11
27998.jpg,13
5277.jpg,5
29886.jpg,14
5865.jpg,2
16181.jpg,2
13739.jpg,18
23605.jpg,0
31552.jpg,11
14524.jpg,9
23430.jpg,4
20041.jpg,8
15116.jpg,11
20999.jpg,4
19770.jpg,5
8378.jpg,0
23382.jpg,7
25805.jpg,0
19509.jpg,4
9691.jpg,19
9054.jpg,19
8102.jpg,6
4340.jpg,18
9198.jpg,1
23307.jpg,16
19076.jpg,19
12648.jpg,7
22327.jpg,13
28053.jpg,4
4046.jpg,18
2309.jpg,3
9681.jpg,8
1656.jpg,4
23506.jpg,19
20966.jpg,19
25841.jpg,14
4579.jpg,1
27369.jpg,16
6349.jpg,3
31473.jpg,11
22043.jpg,3
13310.jpg,9
1266.jpg,9
30022.jpg,19
27919.jpg,19
24535.jpg,8
11261.jpg,18
22350.jpg,9
23350.jpg,4
17101.jpg,12
8471.jpg,19
18936.jpg,2
15486.jpg,19
29349.jpg,1
24515.jpg,4
12891.jpg,9
25386.jpg,18
19991.jpg,6
8218.jpg,18
13002.jpg,7
18292.jpg,8
18856.jpg,9
106.jpg,0
8594.jpg,18
22042.jpg,17
12654.jpg,14
21626.jpg,0
11869.jpg,10
9471.jpg,4
23731.jpg,0
6574.jpg,18
24854.jpg,9
20787.jpg,9
18512.jpg,9
30380.jpg,10
2072.jpg,4
12834.jpg,11
8953.jpg,8
6115.jpg,4
3220.jpg,2
26251.jpg,4
9805.jpg,19
31041.jpg,3
29982.jpg,18
26927.jpg,16
1835.jpg,4
16692.jpg,0
22526.jpg,6
12974.jpg,18
15922.jpg,17
24271.jpg,2
31653.jpg,7
29066.jpg,17
23952.jpg,19
14137.jpg,7
9413.jpg,14
1171.jpg,18
28639.jpg,1
26931.jpg,9
5972.jpg,13
31375.jpg,1
1946.jpg,2
9484.jpg,18
14375.jpg,11
3611.jpg,1
24486.jpg,3
7869.jpg,9
18735.jpg,0
12276.jpg,4
20532.jpg,7
594.jpg,1
13355.jpg,8
30801.jpg,4
18437.jpg,7
11360.jpg,16
21594.jpg,7
3377.jpg,5
8456.jpg,16
17626.jpg,18
4231.jpg,16
10328.jpg,7
14282.jpg,0
985.jpg,8
19150.jpg,2
18429.jpg,9
203.jpg,19
20366.jpg,14
7190.jpg,2
2830.jpg,19
18430.jpg,17
19020.jpg,3
14602.jpg,19
11514.jpg,8
16927.jpg,19
14309.jpg,17
28603.jpg,19
17637.jpg,7
2677.jpg,18
27405.jpg,11
11834.jpg,19
17118.jpg,1
29411.jpg,3
8404.jpg,16
15233.jpg,11
18433.jpg,7
30413.jpg,9
25228.jpg,17
1257.jpg,16
12491.jpg,16
21842.jpg,4
30418.jpg,14
1413.jpg,19
4651.jpg,13
7618.jpg,18
31802.jpg,18
25088.jpg,14
25920.jpg,17
982.jpg,3
22085.jpg,19
26469.jpg,0
14636.jpg,17
19591.jpg,17
27300.jpg,6
28216.jpg,2
6510.jpg,6
16093.jpg,18
10997.jpg,0
20520.jpg,4
24276.jpg,19
9415.jpg,6
27835.jpg,9
31714.jpg,3
19009.jpg,9
12208.jpg,9
20230.jpg,17
21746.jpg,3
2275.jpg,3
11745.jpg,4
21390.jpg,4
9282.jpg,2
7475.jpg,11
21425.jpg,5
5163.jpg,0
566.jpg,7
25255.jpg,14
11599.jpg,9
31034.jpg,6
24210.jpg,8
13404.jpg,6
662.jpg,3
27677.jpg,0
7163.jpg,12
12073.jpg,16
29186.jpg,8
4834.jpg,18
30361.jpg,19
31534.jpg,14
21695.jpg,9
17402.jpg,2
13817.jpg,19
15476.jpg,8
18782.jpg,6
18472.jpg,0
12994.jpg,1
24690.jpg,4
14699.jpg,18
5504.jpg,9
21718.jpg,17
8662.jpg,17
4042.jpg,2
4548.jpg,16
7250.jpg,11
6481.jpg,16
31811.jpg,8
24569.jpg,9
8674.jpg,18
11413.jpg,2
24663.jpg,18
31326.jpg,2
16648.jpg,7
10419.jpg,3
31346.jpg,17
25907.jpg,16
23020.jpg,8
3597.jpg,16
26654.jpg,0
1260.jpg,18
27461.jpg,3
8797.jpg,0
18269.jpg,11
25756.jpg,11
24991.jpg,18
3957.jpg,3
7607.jpg,16
13139.jpg,7
12746.jpg,8
19047.jpg,5
24367.jpg,1
16239.jpg,17
4065.jpg,6
2405.jpg,2
11001.jpg,9
210.jpg,16
30099.jpg,8
8042.jpg,13
23924.jpg,2
627.jpg,11
2786.jpg,9
21816.jpg,14
24528.jpg,17
14649.jpg,2
21449.jpg,18
2782.jpg,9
31649.jpg,11
4846.jpg,9
19880.jpg,9
5260.jpg,14
1279.jpg,18
13837.jpg,19
26699.jpg,18
29482.jpg,19
22818.jpg,2
31358.jpg,9
21592.jpg,4
28227.jpg,10
12771.jpg,12
16574.jpg,13
3584.jpg,0
29373.jpg,14
20167.jpg,9
3881.jpg,3
10517.jpg,12
2623.jpg,11
29470.jpg,0
27698.jpg,19
31416.jpg,19
31145.jpg,11
19502.jpg,9
11866.jpg,7
26378.jpg,0
25074.jpg,18
6236.jpg,9
19034.jpg,0
17758.jpg,19
3695.jpg,7
5633.jpg,4
9541.jpg,5
4355.jpg,2
21762.jpg,3
19194.jpg,19
21905.jpg,12
26288.jpg,2
30114.jpg,18
3892.jpg,7
14395.jpg,18
21406.jpg,2
25919.jpg,2
20496.jpg,11
14707.jpg,3
1560.jpg,11
13629.jpg,0
18251.jpg,4
27285.jpg,0
21890.jpg,9
4279.jpg,4
4316.jpg,2
26311.jpg,5
14527.jpg,4
27564.jpg,7
5619.jpg,16
11547.jpg,16
12955.jpg,6
24926.jpg,4
9856.jpg,4
28951.jpg,2
7828.jpg,0
6445.jpg,6
29777.jpg,2
4327.jpg,11
20253.jpg,4
17741.jpg,2
12330.jpg,3
2361.jpg,9
24923.jpg,19
10975.jpg,8
27675.jpg,2
28835.jpg,1
8551.jpg,1
24527.jpg,9
9006.jpg,19
5438.jpg,9
13340.jpg,2
8826.jpg,6
6627.jpg,13
20825.jpg,17
14099.jpg,8
13134.jpg,17
22008.jpg,4
485.jpg,2
18819.jpg,6
17129.jpg,2
166.jpg,9
9154.jpg,19
2725.jpg,9
6600.jpg,4
1997.jpg,16
16549.jpg,11
29991.jpg,9
16074.jpg,6
10520.jpg,6
4005.jpg,9
13893.jpg,1
4502.jpg,17
30799.jpg,6
22681.jpg,7
21324.jpg,6
29213.jpg,16
30197.jpg,9
38.jpg,18
3189.jpg,8
19001.jpg,0
22446.jpg,3
9064.jpg,9
5946.jpg,17
3803.jpg,4
30143.jpg,7
31637.jpg,16
29494.jpg,13
8801.jpg,4
8977.jpg,6
30053.jpg,2
25006.jpg,6
25273.jpg,9
25423.jpg,16
8502.jpg,4
2045.jpg,9
2465.jpg,12
11894.jpg,6
11489.jpg,18
16473.jpg,4
29347.jpg,7
5684.jpg,9
21707.jpg,18
396.jpg,2
6606.jpg,16
23032.jpg,9
25670.jpg,2
25260.jpg,17
3837.jpg,8
7135.jpg,13
22903.jpg,18
27767.jpg,1
14200.jpg,13
23238.jpg,17
29122.jpg,9
993.jpg,16
13999.jpg,2
15334.jpg,4
9320.jpg,8
12583.jpg,16
861.jpg,17
9110.jpg,11
22849.jpg,6
3494.jpg,9
20525.jpg,18
18078.jpg,6
29884.jpg,18
23901.jpg,9
6398.jpg,8
28104.jpg,9
19110.jpg,9
22914.jpg,2
5303.jpg,7
6692.jpg,13
15354.jpg,16
24056.jpg,2
8166.jpg,9
15320.jpg,7
1909.jpg,17
27920.jpg,3
24295.jpg,2
19948.jpg,19
11378.jpg,14
8595.jpg,8
23565.jpg,18
24417.jpg,9
31155.jpg,17
18651.jpg,12
20408.jpg,2
164.jpg,17
9338.jpg,11
14230.jpg,17
2027.jpg,18
10839.jpg,9
6523.jpg,9
17485.jpg,6
16537.jpg,11
15630.jpg,19
13805.jpg,9
22263.jpg,11
17760.jpg,16
3730.jpg,12
8143.jpg,9
10182.jpg,6
15685.jpg,11
15068.jpg,14
3897.jpg,17
17092.jpg,17
21055.jpg,2
6826.jpg,14
14417.jpg,9
1554.jpg,3
19240.jpg,8
17192.jpg,14
8798.jpg,19
8342.jpg,11
3411.jpg,2
9555.jpg,11
23774.jpg,16
5606.jpg,9
21480.jpg,4
10238.jpg,14
4175.jpg,9
30139.jpg,16
4816.jpg,17
22417.jpg,6
10696.jpg,18
14252.jpg,3
5754.jpg,6
19618.jpg,19
28644.jpg,8
5982.jpg,16
28282.jpg,8
2397.jpg,9
13502.jpg,14
16130.jpg,2
18018.jpg,0
30885.jpg,19
13110.jpg,8
22746.jpg,3
9685.jpg,12
6774.jpg,4
27438.jpg,14
1235.jpg,1
28816.jpg,17
1421.jpg,9
19042.jpg,11
25335.jpg,7
19106.jpg,6
675.jpg,5
10777.jpg,12
4979.jpg,9
18202.jpg,14
26001.jpg,9
9650.jpg,6
14850.jpg,17
6884.jpg,18
18330.jpg,18
6003.jpg,9
30065.jpg,5
6798.jpg,5
10098.jpg,11
9682.jpg,19
6223.jpg,16
29406.jpg,7
24850.jpg,16
22544.jpg,18
11975.jpg,6
279.jpg,17
7710.jpg,6
10840.jpg,9
13475.jpg,6
19015.jpg,9
12112.jpg,10
2297.jpg,4
23564.jpg,2
29865.jpg,17
7311.jpg,8
14086.jpg,9
6640.jpg,11
9989.jpg,7
13603.jpg,6
19158.jpg,4
26946.jpg,10
12865.jpg,10
13041.jpg,2
29376.jpg,17
3805.jpg,19
24345.jpg,14
25771.jpg,17
14652.jpg,9
1934.jpg,10
31466.jpg,6
7131.jpg,3
13114.jpg,9
16126.jpg,0
10163.jpg,2
31307.jpg,7
3628.jpg,3
18054.jpg,19
27048.jpg,12
18068.jpg,6
23039.jpg,0
25098.jpg,18
26368.jpg,6
16681.jpg,6
22023.jpg,11
27489.jpg,6
17327.jpg,2
3419.jpg,2
12977.jpg,5
25729.jpg,16
10179.jpg,2
8810.jpg,2
322.jpg,9
16328.jpg,6
11080.jpg,18
9660.jpg,0
16227.jpg,16
6635.jpg,6
18547.jpg,8
16116.jpg,6
1645.jpg,9
27756.jpg,8
16922.jpg,7
4525.jpg,2
22798.jpg,8
27092.jpg,11
25500.jpg,9
15904.jpg,0
2613.jpg,4
26428.jpg,0
37.jpg,1
28036.jpg,6
5362.jpg,7
25908.jpg,18
13111.jpg,9
16095.jpg,9
23803.jpg,4
29369.jpg,9
6770.jpg,11
16934.jpg,2
26245.jpg,17
13697.jpg,2
18062.jpg,18
12458.jpg,19
9684.jpg,3
14578.jpg,4
13366.jpg,0
23812.jpg,2
29250.jpg,1
25408.jpg,0
23982.jpg,9
25059.jpg,18
5064.jpg,18
701.jpg,6
9705.jpg,4
29532.jpg,4
7528.jpg,9
1161.jpg,18
25556.jpg,0
20426.jpg,2
17057.jpg,19
7331.jpg,12
30916.jpg,4
22279.jpg,6
10137.jpg,2
709.jpg,8
31464.jpg,16
19640.jpg,9
26010.jpg,0
7816.jpg,19
20188.jpg,9
8233.jpg,2
7187.jpg,11
28878.jpg,0
7718.jpg,19
13496.jpg,19
1326.jpg,7
6030.jpg,8
11183.jpg,6
14960.jpg,0
30501.jpg,11
26379.jpg,18
7087.jpg,4
26951.jpg,6
12148.jpg,11
22886.jpg,14
19391.jpg,14
6632.jpg,17
19213.jpg,17
5524.jpg,6
6392.jpg,19
16954.jpg,4
25702.jpg,16
2254.jpg,4
16397.jpg,9
19064.jpg,19
23108.jpg,3
6439.jpg,6
15458.jpg,6
5738.jpg,16
590.jpg,9
10393.jpg,19
16336.jpg,7
5873.jpg,11
27255.jpg,4
25033.jpg,9
7587.jpg,11
6134.jpg,19
17550.jpg,9
10702.jpg,11
7585.jpg,2
23460.jpg,14
12060.jpg,12
28101.jpg,13
20630.jpg,9
15531.jpg,4
13898.jpg,1
23414.jpg,18
7113.jpg,9
15595.jpg,8
11029.jpg,19
730.jpg,13
31308.jpg,11
3100.jpg,6
11141.jpg,17
19243.jpg,9
8931.jpg,3
25125.jpg,9
14443.jpg,3
7679.jpg,18
14862.jpg,1
28525.jpg,2
27050.jpg,4
19987.jpg,9
28680.jpg,0
9253.jpg,4
29959.jpg,3
22360.jpg,6
28677.jpg,6
21498.jpg,8
2833.jpg,2
4373.jpg,19
3724.jpg,9
28953.jpg,18
16947.jpg,7
11703.jpg,6
26265.jpg,19
4887.jpg,3
27953.jpg,19
24356.jpg,13
26642.jpg,2
10719.jpg,8
28057.jpg,13
20557.jpg,3
23660.jpg,14
24730.jpg,7
23647.jpg,0
5279.jpg,4
7867.jpg,8
28554.jpg,3
8323.jpg,6
9233.jpg,2
20900.jpg,6
20780.jpg,6
8539.jpg,6
31390.jpg,9
15501.jpg,10
13715.jpg,18
7666.jpg,9
3853.jpg,7
10794.jpg,16
31848.jpg,9
15061.jpg,5
2774.jpg,11
27777.jpg,19
16171.jpg,9
25666.jpg,19
20828.jpg,18
4750.jpg,19
26487.jpg,9
17143.jpg,19
21134.jpg,4
9751.jpg,2
1914.jpg,16
16353.jpg,4
24498.jpg,16
25213.jpg,8
6011.jpg,3
2799.jpg,9
10721.jpg,8
25171.jpg,13
28915.jpg,7
27003.jpg,2
17173.jpg,7
14923.jpg,9
28702.jpg,0
16254.jpg,18
16619.jpg,9
1894.jpg,9
31763.jpg,9
15666.jpg,2
3090.jpg,16
19134.jpg,19
10408.jpg,11
13347.jpg,9
10309.jpg,6
4307.jpg,0
31598.jpg,3
18862.jpg,4
31798.jpg,4
1927.jpg,17
31803.jpg,8
13977.jpg,3
6781.jpg,11
9053.jpg,2
22292.jpg,6
23673.jpg,18
30465.jpg,7
17049.jpg,7
16331.jpg,19
27498.jpg,8
16323.jpg,11
9702.jpg,18
29086.jpg,9
22609.jpg,18
8959.jpg,11
29388.jpg,18
8649.jpg,3
13953.jpg,0
11573.jpg,3
21601.jpg,9
15929.jpg,7
17724.jpg,2
1466.jpg,9
15886.jpg,17
31886.jpg,6
21243.jpg,9
6400.jpg,16
8970.jpg,11
14933.jpg,11
3674.jpg,2
18375.jpg,19
15468.jpg,9
18836.jpg,7
91.jpg,4
24585.jpg,9
16838.jpg,5
7219.jpg,18
14497.jpg,16
31388.jpg,3
22542.jpg,6
17536.jpg,18
21373.jpg,9
30202.jpg,3
5472.jpg,5
23779.jpg,16
14123.jpg,19
26662.jpg,7
7210.jpg,16
5159.jpg,18
19687.jpg,3
12620.jpg,8
8228.jpg,19
11061.jpg,8
17625.jpg,7
8887.jpg,2
5805.jpg,14
13358.jpg,10
16148.jpg,1
29910.jpg,9
547.jpg,4
6533.jpg,3
25429.jpg,9
12829.jpg,14
16824.jpg,4
7286.jpg,19
1377.jpg,19
19664.jpg,18
1393.jpg,19
6969.jpg,2
20330.jpg,14
9596.jpg,0
12635.jpg,13
1386.jpg,3
16618.jpg,10
30103.jpg,16
18309.jpg,4
6414.jpg,9
30238.jpg,19
31269.jpg,17
8549.jpg,16
24637.jpg,19
27957.jpg,4
12225.jpg,19
23206.jpg,3
25602.jpg,6
2138.jpg,3
6930.jpg,8
21481.jpg,19
18637.jpg,3
2855.jpg,18
2139.jpg,4
3499.jpg,19
28105.jpg,6
9831.jpg,14
27887.jpg,0
14144.jpg,6
29533.jpg,9
1916.jpg,18
21087.jpg,18
12113.jpg,14
3680.jpg,19
5371.jpg,16
2459.jpg,1
6159.jpg,18
2134.jpg,7
20969.jpg,17
19355.jpg,9
19404.jpg,12
2310.jpg,0
18152.jpg,8
7723.jpg,18
23233.jpg,6
21906.jpg,0
25633.jpg,19
2195.jpg,18
2783.jpg,19
20927.jpg,19
5431.jpg,9
5812.jpg,19
3952.jpg,9
20745.jpg,2
19291.jpg,14
30581.jpg,18
27895.jpg,6
4096.jpg,7
20078.jpg,6
19019.jpg,19
20598.jpg,19
27752.jpg,6
11728.jpg,3
22026.jpg,17
30001.jpg,18
15860.jpg,1
23493.jpg,19
28463.jpg,6
25325.jpg,6
1334.jpg,18
12833.jpg,16
14550.jpg,19
27421.jpg,8
12901.jpg,8
17352.jpg,8
26150.jpg,3
26039.jpg,9
28797.jpg,18
1418.jpg,12
2288.jpg,12
10239.jpg,9
21573.jpg,4
13594.jpg,2
7363.jpg,1
5132.jpg,3
14458.jpg,5
13816.jpg,8
21426.jpg,14
20942.jpg,9
8281.jpg,19
3000.jpg,3
6776.jpg,19
6335.jpg,18
14783.jpg,3
6562.jpg,17
29912.jpg,4
4306.jpg,18
6126.jpg,18
21022.jpg,19
30286.jpg,9
16113.jpg,7
11415.jpg,14
18380.jpg,18
28272.jpg,12
25800.jpg,9
11186.jpg,6
19188.jpg,3
1800.jpg,18
26959.jpg,11
4268.jpg,7
1041.jpg,8
27794.jpg,18
9097.jpg,19
30643.jpg,17
8061.jpg,17
30353.jpg,9
28299.jpg,7
4251.jpg,1
11075.jpg,9
1923.jpg,13
12513.jpg,14
11686.jpg,19
17274.jpg,9
20638.jpg,1
11089.jpg,16
1032.jpg,11
13195.jpg,8
24640.jpg,17
18817.jpg,2
22037.jpg,2
27899.jpg,17
4743.jpg,6
10903.jpg,16
13793.jpg,0
763.jpg,9
14124.jpg,11
13638.jpg,2
16298.jpg,19
12070.jpg,1
1733.jpg,18
11229.jpg,13
21445.jpg,18
17979.jpg,0
8687.jpg,2
18110.jpg,9
3233.jpg,9
9016.jpg,2
31305.jpg,6
12144.jpg,19
6603.jpg,9
3995.jpg,9
10331.jpg,6
6970.jpg,3
33.jpg,18
30932.jpg,12
1764.jpg,19
29203.jpg,14
7701.jpg,9
23822.jpg,11
30526.jpg,18
29136.jpg,12
20733.jpg,1
17415.jpg,2
27204.jpg,11
20358.jpg,9
15405.jpg,3
4664.jpg,1
30729.jpg,11
27163.jpg,3
28705.jpg,9
13899.jpg,7
29541.jpg,5
612.jpg,6
25721.jpg,6
27640.jpg,9
422.jpg,17
13031.jpg,9
29461.jpg,6
29495.jpg,18
3350.jpg,9
21446.jpg,2
14785.jpg,6
7351.jpg,2
11721.jpg,17
15413.jpg,16
12843.jpg,0
11770.jpg,11
752.jpg,11
2435.jpg,14
28265.jpg,17
8910.jpg,9
31072.jpg,8
9111.jpg,2
18545.jpg,2
14180.jpg,7
152.jpg,17
12468.jpg,2
23830.jpg,2
3222.jpg,6
1706.jpg,6
284.jpg,4
10346.jpg,13
19190.jpg,11
1201.jpg,18
15017.jpg,19
10857.jpg,0
7760.jpg,6
29436.jpg,2
28460.jpg,8
6848.jpg,9
21735.jpg,9
11446.jpg,8
30724.jpg,18
21310.jpg,11
637.jpg,6
18656.jpg,9
16631.jpg,12
505.jpg,5
26850.jpg,4
18222.jpg,2
10114.jpg,7
22050.jpg,13
13065.jpg,4
7277.jpg,17
15939.jpg,19
19493.jpg,3
739.jpg,9
1783.jpg,13
5640.jpg,14
31105.jpg,2
5900.jpg,9
26050.jpg,2
20106.jpg,16
31791.jpg,16
19629.jpg,7
27857.jpg,7
7141.jpg,9
11673.jpg,9
24099.jpg,16
30575.jpg,18
26773.jpg,9
9382.jpg,17
24865.jpg,17
9275.jpg,16
30700.jpg,9
2230.jpg,12
5538.jpg,3
1.jpg,11
28017.jpg,9
11392.jpg,1
17393.jpg,18
10639.jpg,16
14607.jpg,18
1581.jpg,9
16840.jpg,11
21937.jpg,19
31104.jpg,10
22291.jpg,6
23106.jpg,9
9102.jpg,11
8871.jpg,8
1667.jpg,18
1226.jpg,17
238.jpg,9
5391.jpg,9
1541.jpg,7
29729.jpg,19
23579.jpg,19
19899.jpg,9
14848.jpg,3
24962.jpg,4
216.jpg,3
19486.jpg,9
30426.jpg,2
11182.jpg,10
13690.jpg,9
11221.jpg,11
11791.jpg,4
12352.jpg,14
28446.jpg,11
30233.jpg,19
25000.jpg,18
2041.jpg,16
30310.jpg,6
29540.jpg,9
9590.jpg,9
27148.jpg,18
18097.jpg,9
22866.jpg,0
11139.jpg,9
12414.jpg,19
6753.jpg,1
6336.jpg,18
27473.jpg,3
15936.jpg,19
22617.jpg,9
13650.jpg,18
26885.jpg,3
21112.jpg,9
17412.jpg,19
12250.jpg,3
11101.jpg,5
22552.jpg,11
16761.jpg,9
29980.jpg,8
947.jpg,18
22960.jpg,9
30089.jpg,3
6052.jpg,9
4981.jpg,14
28943.jpg,16
11097.jpg,17
8086.jpg,9
23126.jpg,9
477.jpg,13
73.jpg,6
8360.jpg,18
22517.jpg,19
27803.jpg,2
11382.jpg,4
17256.jpg,9
13225.jpg,3
31360.jpg,8
25927.jpg,12
25491.jpg,9
13744.jpg,18
5662.jpg,11
20370.jpg,12
10146.jpg,16
5175.jpg,9
6078.jpg,8
11426.jpg,18
14790.jpg,17
11305.jpg,19
29146.jpg,9
28889.jpg,11
19413.jpg,19
1520.jpg,12
7535.jpg,12
23229.jpg,14
5645.jpg,11
12188.jpg,16
26591.jpg,7
2834.jpg,19
15149.jpg,16
489.jpg,3
24066.jpg,11
7243.jpg,0
27231.jpg,13
22431.jpg,18
18461.jpg,9
30173.jpg,14
21471.jpg,8
23790.jpg,3
11134.jpg,0
5112.jpg,5
15178.jpg,8
3950.jpg,4
27739.jpg,9
27245.jpg,18
20921.jpg,14
30770.jpg,10
3944.jpg,1
24601.jpg,7
27378.jpg,11
31363.jpg,5
27688.jpg,19
28474.jpg,18
14479.jpg,9
12879.jpg,4
2016.jpg,16
5029.jpg,7
3262.jpg,16
19959.jpg,14
6869.jpg,19
12418.jpg,1
12830.jpg,18
9071.jpg,18
3829.jpg,2
1652.jpg,14
12604.jpg,19
8308.jpg,9
19137.jpg,6
25055.jpg,6
28297.jpg,3
27626.jpg,14
18757.jpg,3
24960.jpg,9
12091.jpg,2
25109.jpg,10
22736.jpg,13
21980.jpg,16
17552.jpg,6
28305.jpg,17
29756.jpg,19
24748.jpg,6
14521.jpg,8
14025.jpg,8
21441.jpg,19
4534.jpg,19
18164.jpg,3
30063.jpg,9
3323.jpg,19
3505.jpg,14
30459.jpg,18
13116.jpg,0
17874.jpg,9
6317.jpg,2
14373.jpg,19
21477.jpg,7
10902.jpg,14
12551.jpg,9
11417.jpg,9
16860.jpg,0
12368.jpg,16
25749.jpg,1
27138.jpg,4
14356.jpg,18
8494.jpg,9
25489.jpg,11
7670.jpg,7
25931.jpg,12
23517.jpg,13
9029.jpg,13
9161.jpg,6
6946.jpg,18
6895.jpg,9
12907.jpg,9
14721.jpg,18
9345.jpg,11
21127.jpg,9
20371.jpg,0
15864.jpg,3
18463.jpg,13
28271.jpg,12
24257.jpg,3
26623.jpg,12
21696.jpg,5
7621.jpg,6
12717.jpg,19
4768.jpg,2
26241.jpg,19
20483.jpg,18
3325.jpg,13
31120.jpg,16
924.jpg,9
9653.jpg,0
8544.jpg,3
19946.jpg,0
22753.jpg,8
22988.jpg,6
15093.jpg,9
31717.jpg,9
21876.jpg,7
12546.jpg,1
5306.jpg,19
25807.jpg,7
6856.jpg,2
9645.jpg,0
6913.jpg,9
27477.jpg,16
14460.jpg,13
21641.jpg,17
17850.jpg,4
6041.jpg,16
7124.jpg,7
2450.jpg,4
704.jpg,9
26437.jpg,4
6764.jpg,3
11254.jpg,3
8802.jpg,17
3976.jpg,6
5171.jpg,0
19990.jpg,2
25594.jpg,9
15228.jpg,0
418.jpg,9
10037.jpg,18
15051.jpg,9
8790.jpg,9
1349.jpg,0
5850.jpg,16
19782.jpg,4
19233.jpg,0
2572.jpg,6
11468.jpg,6
2049.jpg,18
25259.jpg,6
6081.jpg,17
26099.jpg,9
7008.jpg,18
21638.jpg,14
8939.jpg,9
14540.jpg,4
21925.jpg,18
16164.jpg,9
21792.jpg,3
31265.jpg,16
27831.jpg,3
29207.jpg,3
16469.jpg,4
13558.jpg,18
4476.jpg,11
2153.jpg,17
18297.jpg,16
17667.jpg,9
25129.jpg,14
9693.jpg,6
17867.jpg,6
4386.jpg,16
31203.jpg,10
4877.jpg,19
9752.jpg,4
5607.jpg,3
16457.jpg,9
19997.jpg,19
428.jpg,6
584.jpg,17
9350.jpg,3
2661.jpg,11
8204.jpg,6
120.jpg,14
7916.jpg,19
28714.jpg,1
26253.jpg,9
18338.jpg,9
17222.jpg,16
13235.jpg,9
12703.jpg,17
3580.jpg,9
30004.jpg,16
18360.jpg,19
4583.jpg,11
11943.jpg,6
5235.jpg,0
14273.jpg,0
18564.jpg,7
18572.jpg,9
549.jpg,18
10954.jpg,17
28355.jpg,4
6744.jpg,9
20690.jpg,17
23630.jpg,0
27970.jpg,17
12869.jpg,3
16763.jpg,12
10883.jpg,6
16672.jpg,19
30764.jpg,9
5435.jpg,19
12432.jpg,16
17154.jpg,4
12058.jpg,7
29778.jpg,16
17165.jpg,3
26573.jpg,7
15020.jpg,4
31422.jpg,19
1416.jpg,2
8556.jpg,1
26206.jpg,9
13821.jpg,14
12139.jpg,9
9510.jpg,9
20294.jpg,16
22815.jpg,9
27964.jpg,13
2215.jpg,9
820.jpg,9
17919.jpg,18
23129.jpg,2
1292.jpg,12
15633.jpg,17
13559.jpg,4
4405.jpg,2
24630.jpg,9
31397.jpg,3
12356.jpg,6
30751.jpg,8
3683.jpg,18
3958.jpg,1
10362.jpg,6
22443.jpg,14
12519.jpg,19
13359.jpg,11
10244.jpg,9
12150.jpg,9
27585.jpg,12
1978.jpg,3
9265.jpg,18
3229.jpg,1
2482.jpg,2
25460.jpg,6
14984.jpg,3
30278.jpg,16
26985.jpg,2
24945.jpg,19
7549.jpg,14
18367.jpg,17
11880.jpg,2
18149.jpg,18
9208.jpg,0
4457.jpg,18
8926.jpg,11
14773.jpg,17
29493.jpg,11
28819.jpg,10
22253.jpg,1
20986.jpg,9
4588.jpg,1
4799.jpg,8
24148.jpg,8
14673.jpg,11
16049.jpg,14
31237.jpg,9
15099.jpg,2
30617.jpg,19
5871.jpg,9
6351.jpg,19
733.jpg,14
12633.jpg,3
19263.jpg,9
26195.jpg,6
11286.jpg,9
13720.jpg,19
24563.jpg,0
27056.jpg,19
4396.jpg,9
25608.jpg,4
23723.jpg,9
24529.jpg,13
29599.jpg,0
22376.jpg,6
18884.jpg,10
19952.jpg,4
29530.jpg,4
7656.jpg,9
17299.jpg,17
6881.jpg,18
25521.jpg,7
23471.jpg,13
3458.jpg,9
5565.jpg,9
14111.jpg,4
1082.jpg,9
5550.jpg,16
1984.jpg,9
25244.jpg,16
11108.jpg,9
12821.jpg,6
18249.jpg,9
10458.jpg,11
18719.jpg,14
5773.jpg,8
25461.jpg,4
28740.jpg,19
23394.jpg,1
30028.jpg,7
5755.jpg,8
10110.jpg,6
7412.jpg,19
16673.jpg,17
22862.jpg,11
16068.jpg,1
25973.jpg,18
15222.jpg,19
17990.jpg,7
4971.jpg,11
18995.jpg,11
29235.jpg,3
26971.jpg,12
19646.jpg,3
29129.jpg,17
21513.jpg,17
4738.jpg,7
12292.jpg,16
13008.jpg,4
814.jpg,7
12360.jpg,4
31029.jpg,11
12280.jpg,1
19209.jpg,8
18118.jpg,11
16069.jpg,4
31921.jpg,18
5542.jpg,6
18894.jpg,16
27506.jpg,19
22407.jpg,9
14481.jpg,2
9498.jpg,9
3987.jpg,16
14898.jpg,17
976.jpg,4
18632.jpg,1
28300.jpg,16
10741.jpg,14
30535.jpg,16
3089.jpg,19
22189.jpg,19
5718.jpg,17
3470.jpg,0
1455.jpg,6
11073.jpg,19
27143.jpg,8
5016.jpg,8
12135.jpg,18
2983.jpg,6
10826.jpg,16
29759.jpg,16
27103.jpg,3
24935.jpg,19
15745.jpg,19
2463.jpg,3
23492.jpg,19
15629.jpg,6
19710.jpg,4
13395.jpg,11
28949.jpg,9
6985.jpg,2
20584.jpg,4
21101.jpg,4
29828.jpg,9
9258.jpg,11
3800.jpg,18
11272.jpg,18
12724.jpg,17
11771.jpg,11
13628.jpg,9
12249.jpg,17
24715.jpg,6
1206.jpg,9
4501.jpg,11
27352.jpg,18
2884.jpg,5
497.jpg,14
8243.jpg,4
14896.jpg,8
29653.jpg,16
22733.jpg,4
1133.jpg,17
7457.jpg,6
7241.jpg,7
9905.jpg,9
16704.jpg,6
1510.jpg,5
10521.jpg,19
24519.jpg,2
10570.jpg,16
3145.jpg,9
9740.jpg,18
3880.jpg,12
6279.jpg,6
17763.jpg,17
14807.jpg,6
24065.jpg,11
20636.jpg,6
7387.jpg,17
29299.jpg,9
15156.jpg,16
16653.jpg,1
1387.jpg,19
6063.jpg,6
26463.jpg,16
27721.jpg,11
28270.jpg,16
19725.jpg,4
24857.jpg,7
18366.jpg,19
13930.jpg,19
4312.jpg,9
18700.jpg,18
1931.jpg,19
5867.jpg,11
24711.jpg,6
21801.jpg,18
10322.jpg,18
29712.jpg,19
2587.jpg,6
11523.jpg,9
19533.jpg,11
6576.jpg,19
5473.jpg,19
12806.jpg,4
26367.jpg,16
29277.jpg,12
28791.jpg,17
25942.jpg,7
31604.jpg,11
17212.jpg,6
16841.jpg,9
25866.jpg,9
18748.jpg,17
8409.jpg,19
28156.jpg,0
1940.jpg,4
11884.jpg,17
22994.jpg,6
9399.jpg,0
19288.jpg,14
6644.jpg,8
22863.jpg,3
4875.jpg,3
13528.jpg,19
27631.jpg,4
5234.jpg,7
7775.jpg,19
5059.jpg,6
3247.jpg,4
1763.jpg,11
15203.jpg,18
11890.jpg,9
25863.jpg,8
26366.jpg,16
1678.jpg,19
25392.jpg,18
5353.jpg,2
8059.jpg,12
26620.jpg,11
16634.jpg,4
776.jpg,9
26609.jpg,16
11929.jpg,11
15245.jpg,1
20996.jpg,9
28959.jpg,3
8139.jpg,9
15281.jpg,16
12887.jpg,18
24091.jpg,12
4779.jpg,6
17630.jpg,9
19626.jpg,13
3808.jpg,9
27582.jpg,7
10057.jpg,11
31557.jpg,6
24898.jpg,5
9803.jpg,9
3492.jpg,18
20891.jpg,7
29433.jpg,11
26094.jpg,3
11821.jpg,14
6719.jpg,11
31181.jpg,16
8989.jpg,3
12126.jpg,9
23198.jpg,7
18442.jpg,19
15974.jpg,9
5026.jpg,9
24413.jpg,18
10575.jpg,13
22384.jpg,18
20837.jpg,8
9455.jpg,16
24726.jpg,9
16559.jpg,7
22241.jpg,9
16344.jpg,13
11621.jpg,4
15836.jpg,9
7251.jpg,3
3258.jpg,8
16913.jpg,3
14410.jpg,9
16428.jpg,11
3968.jpg,3
1353.jpg,3
22549.jpg,0
6925.jpg,19
175.jpg,19
11238.jpg,19
10511.jpg,19
28587.jpg,18
9142.jpg,5
21657.jpg,9
31112.jpg,7
2947.jpg,4
11860.jpg,11
8550.jpg,7
11348.jpg,12
14167.jpg,2
14413.jpg,3
6172.jpg,6
1272.jpg,6
26084.jpg,18
17499.jpg,14
15270.jpg,7
15439.jpg,17
16937.jpg,12
29316.jpg,2
10904.jpg,18
11293.jpg,13
3068.jpg,6
23863.jpg,1
1933.jpg,6
20587.jpg,2
3887.jpg,18
18244.jpg,11
6687.jpg,9
10048.jpg,13
6226.jpg,7
18085.jpg,8
18953.jpg,19
22839.jpg,11
17574.jpg,9
23035.jpg,18
28557.jpg,7
31536.jpg,3
4141.jpg,6
5115.jpg,10
4039.jpg,6
10810.jpg,18
10426.jpg,3
23304.jpg,4
1808.jpg,14
19791.jpg,11
19601.jpg,4
8862.jpg,9
22308.jpg,19
7394.jpg,3
23207.jpg,9
21038.jpg,9
9978.jpg,4
7123.jpg,7
916.jpg,19
11409.jpg,7
30190.jpg,14
23347.jpg,7
14018.jpg,7
17487.jpg,11
17244.jpg,17
2364.jpg,10
29827.jpg,9
27627.jpg,6
9716.jpg,9
5966.jpg,13
17131.jpg,3
4859.jpg,17
3727.jpg,18
13297.jpg,19
24106.jpg,9
19889.jpg,11
3078.jpg,11
30821.jpg,19
3910.jpg,17
26456.jpg,9
8380.jpg,14
2217.jpg,8
19930.jpg,9
30365.jpg,6
15059.jpg,19
9625.jpg,18
8046.jpg,9
5531.jpg,9
22377.jpg,19
18864.jpg,17
20463.jpg,9
29503.jpg,0
21855.jpg,10
2075.jpg,16
24573.jpg,16
31556.jpg,2
3630.jpg,6
3016.jpg,17
5688.jpg,17
23026.jpg,1
20102.jpg,9
2719.jpg,3
3263.jpg,1
17592.jpg,9
28001.jpg,16
17717.jpg,18
4095.jpg,19
8902.jpg,9
5430.jpg,7
9894.jpg,11
15962.jpg,19
16613.jpg,0
14259.jpg,13
16805.jpg,9
29899.jpg,6
9418.jpg,0
20595.jpg,19
13176.jpg,10
23576.jpg,11
29219.jpg,0
9037.jpg,3
22721.jpg,3
18526.jpg,6
15975.jpg,19
16379.jpg,17
24440.jpg,9
25065.jpg,16
22765.jpg,5
14387.jpg,0
14366.jpg,9
15204.jpg,16
20868.jpg,19
23825.jpg,6
18376.jpg,2
14023.jpg,19
20689.jpg,2
10643.jpg,3
9756.jpg,14
5942.jpg,6
12111.jpg,8
22492.jpg,9
6577.jpg,17
1294.jpg,2
11526.jpg,12
15327.jpg,9
12261.jpg,4
16447.jpg,17
11287.jpg,11
13183.jpg,18
14449.jpg,12
8546.jpg,9
24836.jpg,14
140.jpg,0
26406.jpg,2
15840.jpg,8
18812.jpg,9
15683.jpg,8
21930.jpg,7
21223.jpg,11
10501.jpg,17
22608.jpg,16
384.jpg,16
14683.jpg,14
15866.jpg,9
5102.jpg,17
10638.jpg,14
7506.jpg,9
11920.jpg,17
27141.jpg,19
7548.jpg,1
22278.jpg,19
24903.jpg,1
9250.jpg,11
17546.jpg,2
19230.jpg,9
23245.jpg,9
9797.jpg,8
12488.jpg,9
30688.jpg,2
26114.jpg,2
3421.jpg,7
11813.jpg,1
14035.jpg,4
24170.jpg,2
7735.jpg,18
1333.jpg,18
28590.jpg,4
10123.jpg,9
21034.jpg,0
21321.jpg,17
26512.jpg,18
11670.jpg,7
24147.jpg,16
9730.jpg,9
1719.jpg,1
6638.jpg,11
5426.jpg,13
26182.jpg,6
21924.jpg,19
12010.jpg,11
4245.jpg,14
11251.jpg,11
2804.jpg,6
23746.jpg,6
14092.jpg,9
28338.jpg,9
25723.jpg,7
4718.jpg,9
23872.jpg,7
24002.jpg,16
16808.jpg,18
16453.jpg,8
6020.jpg,0
26494.jpg,8
16280.jpg,3
14816.jpg,16
7881.jpg,16
29767.jpg,14
3937.jpg,3
27758.jpg,8
1365.jpg,14
7515.jpg,9
25375.jpg,14
17182.jpg,12
9015.jpg,2
29817.jpg,3
23084.jpg,18
6238.jpg,3
29107.jpg,6
2974.jpg,3
11074.jpg,13
2490.jpg,2
24060.jpg,18
2559.jpg,9
10469.jpg,3
24629.jpg,2
26036.jpg,11
26962.jpg,7
16636.jpg,4
21897.jpg,11
15085.jpg,7
26420.jpg,11
29038.jpg,12
3303.jpg,18
5641.jpg,4
3542.jpg,11
7625.jpg,18
21943.jpg,14
22285.jpg,4
7532.jpg,9
15333.jpg,4
25878.jpg,2
13975.jpg,2
8912.jpg,0
16876.jpg,6
16055.jpg,3
31124.jpg,19
1885.jpg,19
29840.jpg,9
5691.jpg,9
9987.jpg,3
3566.jpg,17
10583.jpg,19
23593.jpg,8
11784.jpg,1
3704.jpg,19
24175.jpg,16
21825.jpg,11
25285.jpg,9
3408.jpg,11
2382.jpg,13
12803.jpg,18
19173.jpg,11
22603.jpg,9
27852.jpg,9
25275.jpg,9
8951.jpg,8
11233.jpg,14
6878.jpg,12
24532.jpg,6
23232.jpg,9
5197.jpg,6
12644.jpg,3
28158.jpg,9
16088.jpg,8
1598.jpg,16
16002.jpg,18
24795.jpg,11
15797.jpg,9
6861.jpg,9
30931.jpg,8
23888.jpg,18
24610.jpg,9
21999.jpg,6
30567.jpg,11
17157.jpg,3
14238.jpg,3
21745.jpg,9
30536.jpg,18
21078.jpg,3
9219.jpg,19
11516.jpg,9
14769.jpg,3
6791.jpg,18
1039.jpg,6
16001.jpg,6
15989.jpg,9
9425.jpg,4
19528.jpg,6
7454.jpg,11
18350.jpg,3
7958.jpg,17
6007.jpg,3
4518.jpg,6
19761.jpg,9
14964.jpg,9
3971.jpg,9
20581.jpg,9
4820.jpg,11
27495.jpg,4
15733.jpg,1
12998.jpg,1
16.jpg,11
17030.jpg,12
23455.jpg,17
6018.jpg,9
11113.jpg,14
26999.jpg,18
29590.jpg,9
30394.jpg,9
9538.jpg,9
4288.jpg,18
11672.jpg,6
26588.jpg,11
26812.jpg,11
20566.jpg,19
16910.jpg,11
13778.jpg,4
6736.jpg,6
12990.jpg,12
29364.jpg,16
4274.jpg,3
27258.jpg,3
5933.jpg,4
1224.jpg,0
15404.jpg,5
18306.jpg,19
4684.jpg,3
23438.jpg,13
18140.jpg,9
5151.jpg,9
23585.jpg,7
21149.jpg,18
15833.jpg,7
13986.jpg,9
17040.jpg,4
1476.jpg,17
18954.jpg,1
2933.jpg,9
20290.jpg,14
26009.jpg,1
1481.jpg,1
30075.jpg,1
9150.jpg,5
18173.jpg,9
17865.jpg,5
11483.jpg,19
1985.jpg,6
12454.jpg,16
25779.jpg,16
8669.jpg,4
21561.jpg,16
8933.jpg,2
29791.jpg,18
30664.jpg,7
19778.jpg,2
28798.jpg,18
7420.jpg,7
24192.jpg,6
1320.jpg,13
18339.jpg,8
11712.jpg,9
7989.jpg,6
20632.jpg,3
15938.jpg,19
19199.jpg,7
6940.jpg,16
19888.jpg,2
13095.jpg,6
9513.jpg,0
29658.jpg,0
7586.jpg,1
4540.jpg,17
30108.jpg,9
17882.jpg,17
12007.jpg,9
6245.jpg,9
30374.jpg,4
8793.jpg,7
27654.jpg,7
18631.jpg,18
31136.jpg,18
4968.jpg,11
10229.jpg,4
10256.jpg,4
26996.jpg,6
7752.jpg,19
3945.jpg,10
5743.jpg,9
23675.jpg,16
24228.jpg,9
11352.jpg,8
16413.jpg,9
16865.jpg,6
21434.jpg,1
24346.jpg,11
1432.jpg,18
4678.jpg,8
19934.jpg,1
18180.jpg,16
10828.jpg,3
10430.jpg,14
27222.jpg,17
11921.jpg,12
12351.jpg,19
21336.jpg,9
19658.jpg,9
2176.jpg,1
22147.jpg,8
25804.jpg,19
26855.jpg,7
23854.jpg,9
14718.jpg,9
30703.jpg,17
1193.jpg,2
109.jpg,8
18821.jpg,11
30358.jpg,4
5436.jpg,16
10228.jpg,13
25875.jpg,3
12271.jpg,7
6242.jpg,6
31923.jpg,18
7129.jpg,2
13889.jpg,9
18720.jpg,0
22579.jpg,11
645.jpg,18
10846.jpg,7
195.jpg,2
24474.jpg,9
17477.jpg,8
12269.jpg,18
13102.jpg,2
2245.jpg,14
17283.jpg,6
5061.jpg,4
22182.jpg,9
24026.jpg,18
29302.jpg,8
19690.jpg,9
28571.jpg,12
6845.jpg,2
788.jpg,7
31299.jpg,13
28881.jpg,4
24405.jpg,11
7946.jpg,2
28408.jpg,9
14655.jpg,18
20675.jpg,18
15736.jpg,3
23273.jpg,6
19191.jpg,13
23796.jpg,18
11596.jpg,8
4419.jpg,6
16707.jpg,0
11572.jpg,19
3574.jpg,19
19124.jpg,6
30037.jpg,17
7920.jpg,5
23160.jpg,9
10924.jpg,18
23705.jpg,9
3682.jpg,14
17694.jpg,16
941.jpg,11
16832.jpg,6
23670.jpg,4
28892.jpg,19
19875.jpg,0
6572.jpg,16
29130.jpg,11
20505.jpg,6
24478.jpg,6
8514.jpg,9
426.jpg,9
12329.jpg,18
9638.jpg,11
2097.jpg,9
6069.jpg,19
28580.jpg,2
22642.jpg,8
8930.jpg,4
8135.jpg,16
14089.jpg,11
19460.jpg,8
26769.jpg,9
22488.jpg,18
12013.jpg,4
28051.jpg,13
21152.jpg,16
5556.jpg,13
8542.jpg,19
12540.jpg,2
26346.jpg,19
2064.jpg,12
14900.jpg,19
24825.jpg,14
18082.jpg,8
20897.jpg,11
17920.jpg,9
15330.jpg,13
7169.jpg,13
31032.jpg,12
25551.jpg,8
14046.jpg,4
3928.jpg,17
24766.jpg,9
10341.jpg,16
9362.jpg,8
5889.jpg,9
22727.jpg,9
16084.jpg,3
11351.jpg,11
5093.jpg,3
27923.jpg,9
13810.jpg,18
19136.jpg,6
21282.jpg,3
9179.jpg,16
28327.jpg,9
10167.jpg,17
703.jpg,9
22434.jpg,9
9972.jpg,19
20219.jpg,17
11850.jpg,18
26090.jpg,13
11724.jpg,18
31423.jpg,17
9903.jpg,6
7229.jpg,7
2670.jpg,9
6409.jpg,9
4415.jpg,18
9046.jpg,1
13580.jpg,8
28696.jpg,19
29690.jpg,3
16108.jpg,9
29442.jpg,2
7354.jpg,18
4359.jpg,19
4119.jpg,8
24067.jpg,18
7242.jpg,9
7520.jpg,1
17360.jpg,12
16997.jpg,11
31289.jpg,12
26139.jpg,19
25393.jpg,6
10288.jpg,3
2140.jpg,9
4782.jpg,9
16362.jpg,19
8702.jpg,14
13570.jpg,18
6106.jpg,19
8222.jpg,19
2645.jpg,0
5405.jpg,9
3150.jpg,8
7550.jpg,18
18915.jpg,1
26361.jpg,2
25818.jpg,18
13055.jpg,19
3115.jpg,10
16260.jpg,18
4785.jpg,19
3446.jpg,1
27576.jpg,11
7574.jpg,1
17627.jpg,18
13137.jpg,3
5722.jpg,3
24008.jpg,16
18975.jpg,7
28374.jpg,8
815.jpg,4
30402.jpg,13
14720.jpg,0
7948.jpg,16
1478.jpg,9
29149.jpg,9
20088.jpg,19
18794.jpg,17
23507.jpg,6
24599.jpg,9
15729.jpg,9
12702.jpg,9
17822.jpg,0
10389.jpg,16
22411.jpg,9
23778.jpg,12
20327.jpg,9
23527.jpg,18
817.jpg,16
1567.jpg,9
14191.jpg,11
14516.jpg,5
23813.jpg,7
14489.jpg,9
4555.jpg,12
14420.jpg,19
8896.jpg,8
18523.jpg,2
21516.jpg,6
14158.jpg,0
10001.jpg,11
15698.jpg,9
19746.jpg,18
5113.jpg,17
16288.jpg,9
28851.jpg,3
5928.jpg,19
2602.jpg,7
31482.jpg,1
17519.jpg,18
16716.jpg,18
14074.jpg,18
55.jpg,4
25281.jpg,6
16724.jpg,18
11151.jpg,9
15738.jpg,4
28436.jpg,7
7712.jpg,18
20746.jpg,17
9305.jpg,19
698.jpg,18
1900.jpg,11
7184.jpg,19
27874.jpg,9
2170.jpg,8
1242.jpg,11
31758.jpg,4
17742.jpg,19
1396.jpg,13
24968.jpg,9
14618.jpg,10
18169.jpg,18
16861.jpg,3
22054.jpg,16
25034.jpg,4
21136.jpg,0
9878.jpg,11
9287.jpg,17
11112.jpg,16
19030.jpg,17
14609.jpg,19
23107.jpg,13
9383.jpg,12
18508.jpg,9
15239.jpg,19
775.jpg,2
16729.jpg,14
29072.jpg,4
16623.jpg,4
15300.jpg,3
530.jpg,19
25837.jpg,6
24600.jpg,9
9713.jpg,9
21271.jpg,3
6410.jpg,14
603.jpg,0
4907.jpg,16
31097.jpg,6
31814.jpg,7
27291.jpg,1
17469.jpg,0
22662.jpg,16
4438.jpg,11
13324.jpg,9
6855.jpg,6
15167.jpg,6
17318.jpg,16
18724.jpg,19
19732.jpg,7
3606.jpg,6
31826.jpg,16
5914.jpg,9
27529.jpg,9
26732.jpg,0
5897.jpg,3
18156.jpg,4
20945.jpg,19
11359.jpg,16
7070.jpg,17
20335.jpg,17
16752.jpg,18
1932.jpg,9
4748.jpg,6
14201.jpg,6
11907.jpg,0
2200.jpg,3
14151.jpg,4
23848.jpg,18
3030.jpg,17
27380.jpg,9
26052.jpg,12
6402.jpg,6
9944.jpg,6
16581.jpg,9
26681.jpg,14
31680.jpg,9
31549.jpg,11
15821.jpg,18
16804.jpg,11
4953.jpg,4
23170.jpg,4
2398.jpg,17
15226.jpg,7
16214.jpg,0
24391.jpg,9
11749.jpg,6
242.jpg,3
6834.jpg,7
18255.jpg,16
11009.jpg,13
20795.jpg,18
27538.jpg,18
27337.jpg,14
12086.jpg,3
20161.jpg,1
22089.jpg,7
24485.jpg,6
28922.jpg,16
17070.jpg,1
29194.jpg,4
25455.jpg,11
17861.jpg,9
31275.jpg,16
3044.jpg,6
10584.jpg,3
16885.jpg,13
15005.jpg,9
10620.jpg,19
21644.jpg,14
14049.jpg,9
31687.jpg,12
4993.jpg,6
24371.jpg,11
9959.jpg,6
807.jpg,9
18950.jpg,6
735.jpg,19
28190.jpg,18
22386.jpg,14
18571.jpg,0
29037.jpg,11
13337.jpg,12
20081.jpg,2
20444.jpg,7
31606.jpg,18
29853.jpg,18
27434.jpg,6
10464.jpg,1
2446.jpg,1
2332.jpg,19
16488.jpg,9
25023.jpg,8
26375.jpg,19
6498.jpg,6
19394.jpg,6
26778.jpg,17
8187.jpg,9
17386.jpg,16
1620.jpg,9
3771.jpg,6
623.jpg,7
31309.jpg,18
13691.jpg,18
3414.jpg,4
2066.jpg,9
14358.jpg,9
7143.jpg,14
22429.jpg,9
28613.jpg,3
26072.jpg,4
25347.jpg,11
25345.jpg,2
15009.jpg,3
26943.jpg,9
22984.jpg,9
12378.jpg,2
26073.jpg,19
4334.jpg,3
24301.jpg,11
28450.jpg,4
15969.jpg,2
19904.jpg,8
4510.jpg,9
16036.jpg,7
27710.jpg,9
15660.jpg,1
19069.jpg,3
11963.jpg,6
25781.jpg,19
9487.jpg,16
13157.jpg,4
15448.jpg,11
6512.jpg,9
18321.jpg,19
20323.jpg,18
27281.jpg,4
15611.jpg,19
31451.jpg,14
3530.jpg,7
20396.jpg,9
8768.jpg,8
26789.jpg,13
3330.jpg,9
13583.jpg,18
12954.jpg,3
2154.jpg,9
28161.jpg,9
28178.jpg,6
7095.jpg,9
435.jpg,7
18420.jpg,7
1300.jpg,3
5337.jpg,7
22373.jpg,18
13109.jpg,9
17754.jpg,8
30895.jpg,0
5028.jpg,11
16167.jpg,0
28574.jpg,19
2015.jpg,17
8145.jpg,16
26385.jpg,0
21119.jpg,4
13925.jpg,19
28980.jpg,9
31561.jpg,19
12920.jpg,11
78.jpg,2
19083.jpg,0
25214.jpg,0
22248.jpg,4
11115.jpg,6
7047.jpg,19
31828.jpg,4
18658.jpg,17
1578.jpg,17
6935.jpg,14
3055.jpg,9
10736.jpg,3
26640.jpg,19
14178.jpg,4
11692.jpg,3
8030.jpg,14
20893.jpg,12
11259.jpg,18
15136.jpg,9
14529.jpg,17
1255.jpg,18
18368.jpg,17
30432.jpg,17
7134.jpg,14
20379.jpg,7
27520.jpg,13
18158.jpg,6
18077.jpg,2
6201.jpg,19
14357.jpg,16
10196.jpg,6
13532.jpg,11
11664.jpg,4
5244.jpg,12
5670.jpg,19
7720.jpg,17
8125.jpg,11
28014.jpg,19
5927.jpg,4
13612.jpg,16
23453.jpg,6
3110.jpg,8
5503.jpg,9
14972.jpg,6
1056.jpg,4
7623.jpg,17
12548.jpg,9
22969.jpg,10
14004.jpg,19
31347.jpg,2
10431.jpg,1
10880.jpg,17
10945.jpg,1
14808.jpg,4
23988.jpg,7
8309.jpg,6
3430.jpg,9
28326.jpg,9
5831.jpg,11
13343.jpg,9
18988.jpg,7
28729.jpg,11
7007.jpg,19
27248.jpg,9
12421.jpg,4
8657.jpg,18
22904.jpg,3
23528.jpg,17
29913.jpg,2
13657.jpg,19
26067.jpg,6
20227.jpg,1
8975.jpg,8
27913.jpg,1
9074.jpg,7
25969.jpg,18
29496.jpg,19
22637.jpg,19
19662.jpg,4
16134.jpg,4
30840.jpg,1
29879.jpg,19
27814.jpg,13
3792.jpg,6
544.jpg,19
30620.jpg,1
15425.jpg,1
19468.jpg,19
3342.jpg,11
23935.jpg,8
5432.jpg,14
3387.jpg,2
2879.jpg,9
3301.jpg,18
2359.jpg,1
18155.jpg,2
8133.jpg,6
1928.jpg,19
28476.jpg,18
14537.jpg,16
23891.jpg,13
17346.jpg,18
16924.jpg,8
10940.jpg,9
20784.jpg,9
15624.jpg,9
8321.jpg,9
30115.jpg,6
19059.jpg,6
457.jpg,19
14028.jpg,11
3485.jpg,19
18640.jpg,16
30301.jpg,19
9429.jpg,17
12875.jpg,16
28822.jpg,6
15420.jpg,17
746.jpg,16
11838.jpg,8
17616.jpg,18
26373.jpg,19
12265.jpg,11
3578.jpg,3
3738.jpg,19
16534.jpg,7
27334.jpg,19
16512.jpg,0
1328.jpg,3
24507.jpg,9
13891.jpg,18
11204.jpg,9
17492.jpg,19
21984.jpg,7
25073.jpg,19
25511.jpg,11
21458.jpg,2
8863.jpg,9
17554.jpg,6
27557.jpg,14
11748.jpg,0
7094.jpg,18
12342.jpg,2
14799.jpg,3
1913.jpg,2
10357.jpg,1
18033.jpg,9
23754.jpg,11
12441.jpg,17
18228.jpg,4
27859.jpg,18
22375.jpg,9
8881.jpg,6
1542.jpg,0
23789.jpg,11
11091.jpg,14
27017.jpg,6
24609.jpg,8
23255.jpg,9
8437.jpg,9
5669.jpg,9
11847.jpg,2
3876.jpg,7
10076.jpg,13
4508.jpg,4
2622.jpg,9
2253.jpg,16
8372.jpg,17
4656.jpg,0
4453.jpg,19
28770.jpg,9
10371.jpg,9
8992.jpg,18
25993.jpg,10
17543.jpg,17
28794.jpg,0
27866.jpg,16
7272.jpg,0
28310.jpg,6
716.jpg,0
4463.jpg,11
15409.jpg,3
9981.jpg,18
8735.jpg,7
11797.jpg,18
19081.jpg,8
27420.jpg,9
30945.jpg,18
22500.jpg,9
4982.jpg,14
1385.jpg,17
31026.jpg,18
26369.jpg,19
21391.jpg,19
14690.jpg,9
3859.jpg,19
15323.jpg,16
18898.jpg,12
3483.jpg,14
12450.jpg,9
16313.jpg,13
21919.jpg,18
18931.jpg,8
5101.jpg,12
356.jpg,6
23189.jpg,3
15725.jpg,2
21173.jpg,9
15438.jpg,4
3170.jpg,13
16507.jpg,19
23046.jpg,9
9228.jpg,6
25846.jpg,2
27955.jpg,17
30608.jpg,18
2060.jpg,16
2053.jpg,18
23404.jpg,2
26634.jpg,13
827.jpg,11
20442.jpg,2
22657.jpg,16
24443.jpg,0
28027.jpg,12
28295.jpg,11
27372.jpg,9
14039.jpg,7
28100.jpg,7
25479.jpg,2
11039.jpg,6
6356.jpg,2
8022.jpg,19
24514.jpg,16
16013.jpg,9
4196.jpg,18
1930.jpg,18
31664.jpg,18
5590.jpg,10
26762.jpg,4
26680.jpg,18
11379.jpg,14
15295.jpg,1
29113.jpg,19
14175.jpg,19
11060.jpg,7
23869.jpg,8
1000.jpg,7
3638.jpg,7
29087.jpg,9
5494.jpg,4
18750.jpg,18
29779.jpg,10
7033.jpg,9
1696.jpg,18
5511.jpg,3
5461.jpg,0
20880.jpg,4
21150.jpg,10
27225.jpg,1
21723.jpg,3
17847.jpg,11
11435.jpg,4
25330.jpg,2
22744.jpg,7
3726.jpg,18
15971.jpg,18
7704.jpg,8
10043.jpg,2
13521.jpg,9
12285.jpg,9
10821.jpg,14
25316.jpg,3
10355.jpg,2
17226.jpg,11
18561.jpg,7
18237.jpg,9
26242.jpg,9
7461.jpg,4
4113.jpg,3
17035.jpg,9
5695.jpg,14
24919.jpg,0
13962.jpg,16
16496.jpg,3
28471.jpg,2
7498.jpg,8
17230.jpg,16
26431.jpg,14
28099.jpg,9
15916.jpg,2
14789.jpg,13
24783.jpg,19
14378.jpg,16
15834.jpg,4
62.jpg,14
30288.jpg,16
24906.jpg,18
2093.jpg,16
28375.jpg,0
24543.jpg,18
16986.jpg,9
15374.jpg,6
19203.jpg,9
8365.jpg,18
7086.jpg,3
15397.jpg,2
22965.jpg,18
15960.jpg,17
15189.jpg,18
660.jpg,4
3286.jpg,16
25928.jpg,18
16195.jpg,9
30125.jpg,9
256.jpg,4
10452.jpg,18
20168.jpg,3
16106.jpg,3
11384.jpg,12
5310.jpg,14
10680.jpg,9
6287.jpg,18
12904.jpg,13
11243.jpg,9
29555.jpg,0
31600.jpg,6
24708.jpg,8
1140.jpg,18
6668.jpg,19
2858.jpg,18
19096.jpg,7
17279.jpg,4
5177.jpg,7
24279.jpg,2
12159.jpg,3
20110.jpg,17
20394.jpg,19
30549.jpg,19
286.jpg,12
13208.jpg,16
2948.jpg,1
830.jpg,9
12206.jpg,3
17276.jpg,2
16186.jpg,19
11776.jpg,11
20526.jpg,16
17856.jpg,11
5714.jpg,2
13450.jpg,19
11542.jpg,19
8394.jpg,17
19387.jpg,17
22619.jpg,16
22064.jpg,9
13138.jpg,6
28438.jpg,16
7962.jpg,9
8089.jpg,9
11285.jpg,16
7541.jpg,9
31142.jpg,12
5240.jpg,10
1471.jpg,16
25858.jpg,7
10099.jpg,6
13546.jpg,19
23641.jpg,12
17311.jpg,6
6345.jpg,6
18592.jpg,1
1896.jpg,14
11231.jpg,11
14658.jpg,1
24784.jpg,9
26772.jpg,18
25440.jpg,3
14105.jpg,18
25410.jpg,2
16730.jpg,13
31218.jpg,17
14057.jpg,4
22799.jpg,9
17441.jpg,2
31333.jpg,18
7768.jpg,12
24565.jpg,16
8861.jpg,6
25657.jpg,1
24206.jpg,19
10211.jpg,9
19865.jpg,5
13467.jpg,16
1792.jpg,19
8024.jpg,9
31199.jpg,9
15512.jpg,9
15832.jpg,17
16333.jpg,19
13989.jpg,4
2376.jpg,9
8856.jpg,19
31525.jpg,11
16556.jpg,7
27754.jpg,16
23716.jpg,9
26483.jpg,17
718.jpg,0
19236.jpg,11
578.jpg,19
29437.jpg,14
9392.jpg,7
769.jpg,18
5283.jpg,9
13434.jpg,4
27532.jpg,9
14100.jpg,13
11928.jpg,10
21630.jpg,16
20911.jpg,18
23833.jpg,3
2674.jpg,19
8746.jpg,3
6952.jpg,8
7334.jpg,3
15341.jpg,2
28638.jpg,7
18016.jpg,6
31003.jpg,19
6194.jpg,16
24595.jpg,9
7052.jpg,4
16170.jpg,6
1398.jpg,13
27962.jpg,17
6957.jpg,4
10092.jpg,7
21424.jpg,3
25758.jpg,17
14435.jpg,18
4608.jpg,2
23712.jpg,3
13791.jpg,4
15608.jpg,2
10645.jpg,16
23104.jpg,9
9309.jpg,13
24777.jpg,4
14965.jpg,3
17662.jpg,9
31221.jpg,9
30092.jpg,6
13834.jpg,8
28602.jpg,4
25976.jpg,10
11162.jpg,9
10300.jpg,6
24258.jpg,18
21305.jpg,7
5991.jpg,13
16895.jpg,8
6949.jpg,14
9867.jpg,8
125.jpg,2
9571.jpg,8
5859.jpg,16
16806.jpg,2
30400.jpg,10
31102.jpg,1
23173.jpg,19
25013.jpg,19
5674.jpg,16
11642.jpg,16
6575.jpg,2
23639.jpg,3
4902.jpg,9
6451.jpg,9
12760.jpg,13
20061.jpg,16
3455.jpg,2
31775.jpg,8
28510.jpg,12
21047.jpg,16
2781.jpg,8
10437.jpg,18
22842.jpg,12
11449.jpg,18
1602.jpg,11
20352.jpg,17
21958.jpg,14
30200.jpg,4
21674.jpg,4
10011.jpg,11
500.jpg,18
486.jpg,19
11966.jpg,7
19863.jpg,9
7512.jpg,2
1228.jpg,19
16603.jpg,14
27454.jpg,7
10597.jpg,0
2865.jpg,7
31351.jpg,12
19224.jpg,14
31306.jpg,17
31610.jpg,17
21395.jpg,10
27111.jpg,17
25950.jpg,1
30071.jpg,6
6882.jpg,11
17617.jpg,9
14166.jpg,9
18800.jpg,9
20759.jpg,11
9768.jpg,3
28661.jpg,18
10900.jpg,1
31052.jpg,14
2335.jpg,7
16680.jpg,18
20953.jpg,7
12375.jpg,1
8568.jpg,9
4179.jpg,4
31639.jpg,9
4839.jpg,9
25075.jpg,9
4783.jpg,19
8976.jpg,9
19775.jpg,19
3804.jpg,4
29860.jpg,13
31521.jpg,3
29293.jpg,12
15278.jpg,18
30422.jpg,1
25140.jpg,19
17216.jpg,1
2201.jpg,3
12102.jpg,9
11826.jpg,7
16521.jpg,1
20709.jpg,9
13492.jpg,14
29064.jpg,7
27200.jpg,14
21838.jpg,6
22714.jpg,9
15778.jpg,19
11602.jpg,14
15865.jpg,1
10509.jpg,1
21468.jpg,3
27629.jpg,19
23462.jpg,18
8100.jpg,19
21439.jpg,12
21809.jpg,13
21903.jpg,0
2333.jpg,19
19114.jpg,8
21348.jpg,7
2807.jpg,11
16668.jpg,6
311.jpg,18
2342.jpg,2
2854.jpg,6
18555.jpg,2
1646.jpg,1
21973.jpg,4
26770.jpg,16
19421.jpg,18
7218.jpg,4
23130.jpg,4
10029.jpg,0
9794.jpg,11
6259.jpg,3
26066.jpg,0
10383.jpg,12
2545.jpg,9
14794.jpg,11
8381.jpg,19
6725.jpg,18
6012.jpg,4
30035.jpg,19
19350.jpg,17
6836.jpg,5
14757.jpg,17
2648.jpg,14
20139.jpg,3
4963.jpg,2
17988.jpg,9
11792.jpg,18
10121.jpg,9
11722.jpg,18
9017.jpg,19
7931.jpg,11
26344.jpg,18
29253.jpg,9
26314.jpg,1
22080.jpg,16
25397.jpg,19
10666.jpg,6
14246.jpg,19
4104.jpg,11
8105.jpg,2
14627.jpg,3
14804.jpg,14
9117.jpg,2
5206.jpg,16
23220.jpg,3
13251.jpg,9
257.jpg,9
401.jpg,8
16448.jpg,10
1339.jpg,19
29143.jpg,11
8306.jpg,19
17980.jpg,19
13411.jpg,3
31895.jpg,19
2334.jpg,9
28723.jpg,17
12155.jpg,18
22821.jpg,9
14297.jpg,9
18000.jpg,1
6958.jpg,2
13415.jpg,6
14682.jpg,6
5552.jpg,0
26382.jpg,9
4272.jpg,18
15265.jpg,2
30214.jpg,9
26134.jpg,19
25450.jpg,9
24037.jpg,2
11742.jpg,2
18629.jpg,0
18925.jpg,11
11222.jpg,9
24187.jpg,19
30461.jpg,9
2137.jpg,4
18550.jpg,4
27996.jpg,7
7043.jpg,7
17368.jpg,3
1086.jpg,19
4838.jpg,9
5594.jpg,13
24262.jpg,9
2250.jpg,9
20932.jpg,19
685.jpg,9
18946.jpg,11
2510.jpg,7
7714.jpg,16
21109.jpg,5
22945.jpg,14
25802.jpg,0
7488.jpg,16
25280.jpg,6
15022.jpg,11
29088.jpg,0
23244.jpg,3
26224.jpg,9
26889.jpg,4
8893.jpg,6
18786.jpg,7
9600.jpg,0
28564.jpg,18
8420.jpg,6
28957.jpg,8
26755.jpg,2
11380.jpg,0
14787.jpg,18
15445.jpg,8
30869.jpg,16
28433.jpg,2
989.jpg,18
21280.jpg,7
25470.jpg,14
27897.jpg,11
11205.jpg,3
11505.jpg,11
8600.jpg,6
388.jpg,17
11350.jpg,13
24377.jpg,9
10217.jpg,9
24521.jpg,1
27743.jpg,2
21353.jpg,1
22126.jpg,18
4533.jpg,11
5938.jpg,19
27189.jpg,6
22749.jpg,6
11150.jpg,2
4370.jpg,18
18415.jpg,8
28899.jpg,16
18712.jpg,18
21396.jpg,18
20101.jpg,0
27401.jpg,9
11741.jpg,0
20124.jpg,13
20871.jpg,3
31062.jpg,0
6013.jpg,9
21765.jpg,9
6067.jpg,3
29889.jpg,8
24327.jpg,6
16996.jpg,0
19774.jpg,2
30012.jpg,0
15170.jpg,1
9767.jpg,14
20521.jpg,9
30691.jpg,9
19569.jpg,9
21849.jpg,12
21251.jpg,4
26464.jpg,19
28576.jpg,7
8565.jpg,12
893.jpg,19
17683.jpg,19
16459.jpg,18
17273.jpg,3
18626.jpg,8
12103.jpg,9
9985.jpg,17
2208.jpg,18
9639.jpg,12
16438.jpg,11
9426.jpg,12
29166.jpg,2
10006.jpg,18
7096.jpg,7
3721.jpg,9
16749.jpg,6
28467.jpg,1
29318.jpg,6
19299.jpg,11
3327.jpg,9
31677.jpg,6
4746.jpg,1
27.jpg,0
4354.jpg,7
31222.jpg,13
7437.jpg,9
4892.jpg,9
5599.jpg,19
17801.jpg,9
27783.jpg,19
6205.jpg,17
29006.jpg,6
10532.jpg,3
2416.jpg,13
15813.jpg,18
6578.jpg,9
21444.jpg,12
22160.jpg,18
15811.jpg,16
26820.jpg,16
28308.jpg,2
1911.jpg,13
14793.jpg,19
4347.jpg,17
27500.jpg,11
5617.jpg,6
3765.jpg,11
20319.jpg,2
5952.jpg,19
25238.jpg,16
2167.jpg,13
19763.jpg,7
11746.jpg,19
31083.jpg,13
16073.jpg,17
11046.jpg,8
9669.jpg,4
23204.jpg,1
3835.jpg,9
4590.jpg,0
8328.jpg,9
710.jpg,2
6383.jpg,9
26054.jpg,18
8005.jpg,0
7089.jpg,12
14695.jpg,16
30447.jpg,3
20344.jpg,9
17009.jpg,7
14843.jpg,0
6097.jpg,0
23353.jpg,9
28619.jpg,13
21501.jpg,16
12240.jpg,9
24575.jpg,6
3717.jpg,8
8159.jpg,6
5485.jpg,6
708.jpg,18
23816.jpg,7
7019.jpg,18
19705.jpg,13
31365.jpg,0
15925.jpg,6
31797.jpg,12
24454.jpg,3
27616.jpg,6
28073.jpg,9
4432.jpg,18
25116.jpg,11
20044.jpg,4
5973.jpg,7
14462.jpg,18
5375.jpg,8
23289.jpg,6
2371.jpg,6
9842.jpg,18
25174.jpg,7
26340.jpg,9
28153.jpg,19
147.jpg,10
19535.jpg,16
10294.jpg,13
11666.jpg,1
23169.jpg,1
30474.jpg,4
29254.jpg,4
7856.jpg,9
23022.jpg,2
11069.jpg,1
28879.jpg,17
21017.jpg,18
5420.jpg,18
12565.jpg,17
3358.jpg,18
4213.jpg,3
8094.jpg,7
23044.jpg,9
14962.jpg,9
2917.jpg,0
7943.jpg,6
15000.jpg,16
4922.jpg,7
25879.jpg,18
29908.jpg,6
9276.jpg,0
25742.jpg,12
21352.jpg,3
26854.jpg,4
26524.jpg,12
21749.jpg,3
6230.jpg,7
7276.jpg,13
20320.jpg,9
13106.jpg,11
16207.jpg,6
19325.jpg,9
1316.jpg,6
25193.jpg,3
19462.jpg,16
419.jpg,8
5580.jpg,6
56.jpg,4
15888.jpg,9
24425.jpg,9
23303.jpg,19
2694.jpg,18
19965.jpg,17
31873.jpg,9
10998.jpg,18
17777.jpg,17
7206.jpg,13
11152.jpg,9
23536.jpg,2
20959.jpg,2
27855.jpg,17
10410.jpg,9
13299.jpg,2
23051.jpg,5
26510.jpg,11
21716.jpg,4
24782.jpg,19
29969.jpg,3
19607.jpg,9
14580.jpg,3
6901.jpg,8
19168.jpg,9
21404.jpg,12
11513.jpg,19
3572.jpg,7
21386.jpg,1
12941.jpg,18
20769.jpg,4
25294.jpg,14
7884.jpg,9
24740.jpg,2
14391.jpg,11
11262.jpg,16
27917.jpg,11
26957.jpg,16
26080.jpg,9
14447.jpg,8
12038.jpg,11
4984.jpg,17
10003.jpg,9
940.jpg,9
21804.jpg,16
20663.jpg,2
31679.jpg,14
18829.jpg,16
18909.jpg,18
23657.jpg,0
20409.jpg,4
20049.jpg,11
2900.jpg,6
6309.jpg,1
21393.jpg,19
4076.jpg,18
20306.jpg,7
4280.jpg,16
1615.jpg,0
10855.jpg,9
16097.jpg,1
25246.jpg,18
30307.jpg,9
3079.jpg,5
8141.jpg,4
17762.jpg,12
19622.jpg,6
18613.jpg,12
7194.jpg,9
1356.jpg,14
18940.jpg,6
577.jpg,9
4658.jpg,17
5906.jpg,7
28217.jpg,16
27211.jpg,9
5336.jpg,19
11663.jpg,19
8153.jpg,9
8913.jpg,14
10405.jpg,10
9775.jpg,9
15190.jpg,9
6211.jpg,16
7675.jpg,2
16201.jpg,19
5795.jpg,16
31345.jpg,9
14702.jpg,16
15105.jpg,0
8003.jpg,19
7322.jpg,11
7430.jpg,16
29260.jpg,4
25503.jpg,9
18470.jpg,9
121.jpg,9
23223.jpg,19
23419.jpg,19
21839.jpg,3
27671.jpg,0
19395.jpg,18
29420.jpg,0
28762.jpg,17
13699.jpg,1
26101.jpg,11
14324.jpg,18
17103.jpg,2
30783.jpg,4
28049.jpg,2
24750.jpg,6
19414.jpg,17
6990.jpg,2
10353.jpg,0
23452.jpg,9
8616.jpg,7
2951.jpg,18
479.jpg,7
14371.jpg,17
21671.jpg,3
28267.jpg,7
27176.jpg,12
17336.jpg,7
28384.jpg,19
4445.jpg,4
16762.jpg,18
10715.jpg,12
18399.jpg,11
9134.jpg,12
745.jpg,0
12601.jpg,3
148.jpg,3
13795.jpg,17
11643.jpg,8
5962.jpg,8
16017.jpg,9
21060.jpg,8
9547.jpg,2
7747.jpg,19
15432.jpg,9
9911.jpg,19
616.jpg,17
8708.jpg,7
27446.jpg,14
24653.jpg,11
6844.jpg,4
12782.jpg,18
23030.jpg,13
2094.jpg,14
14088.jpg,13
22290.jpg,9
8080.jpg,6
26834.jpg,18
3040.jpg,16
5344.jpg,8
18981.jpg,18
28672.jpg,18
1743.jpg,9
1450.jpg,9
8128.jpg,5
9237.jpg,13
31727.jpg,17
28562.jpg,9
8978.jpg,3
15336.jpg,7
18804.jpg,3
15949.jpg,8
11518.jpg,0
31825.jpg,9
15207.jpg,3
31584.jpg,13
20237.jpg,14
21489.jpg,0
27573.jpg,13
5108.jpg,17
14806.jpg,3
10710.jpg,9
17798.jpg,2
11028.jpg,12
24115.jpg,19
9641.jpg,4
17252.jpg,18
14120.jpg,6
23195.jpg,6
12591.jpg,18
1799.jpg,13
8805.jpg,14
14419.jpg,0
26125.jpg,13
6991.jpg,9
29441.jpg,2
9509.jpg,6
8878.jpg,9
1390.jpg,1
19786.jpg,9
26255.jpg,9
8129.jpg,6
28678.jpg,4
21306.jpg,14
7016.jpg,13
13422.jpg,19
12183.jpg,5
2184.jpg,6
1241.jpg,14
15678.jpg,17
19939.jpg,2
16971.jpg,18
19082.jpg,7
15186.jpg,0
13683.jpg,18
12885.jpg,1
27062.jpg,2
15538.jpg,9
19590.jpg,8
7602.jpg,9
3977.jpg,2
23917.jpg,7
12185.jpg,11
20951.jpg,9
6903.jpg,16
30580.jpg,14
13373.jpg,12
3075.jpg,1
30699.jpg,11
17622.jpg,16
7159.jpg,19
2501.jpg,9
12751.jpg,9
20114.jpg,7
24309.jpg,19
24533.jpg,1
29846.jpg,4
16039.jpg,10
27165.jpg,11
24733.jpg,14
17601.jpg,9
29719.jpg,9
5698.jpg,4
29328.jpg,0
26977.jpg,8
30429.jpg,18
14471.jpg,18
9570.jpg,11
16688.jpg,17
2566.jpg,3
15739.jpg,19
14959.jpg,5
27579.jpg,18
5749.jpg,18
19495.jpg,13
30258.jpg,2
16392.jpg,7
8403.jpg,19
13273.jpg,0
14205.jpg,4
9554.jpg,1
27578.jpg,8
27254.jpg,11
24536.jpg,9
24984.jpg,4
29902.jpg,0
9421.jpg,4
17451.jpg,7
28774.jpg,9
10590.jpg,7
6428.jpg,4
2960.jpg,0
25965.jpg,18
4229.jpg,2
21613.jpg,18
20119.jpg,16
19885.jpg,6
124.jpg,9
24114.jpg,17
31341.jpg,17
9528.jpg,18
8636.jpg,17
17206.jpg,7
8771.jpg,9
17579.jpg,4
31817.jpg,9
22800.jpg,0
16192.jpg,4
11631.jpg,3
3009.jpg,9
27973.jpg,6
19975.jpg,18
11944.jpg,6
7073.jpg,19
10498.jpg,2
9255.jpg,3
29205.jpg,18
13982.jpg,3
13247.jpg,3
24095.jpg,17
4499.jpg,4
15758.jpg,14
6830.jpg,4
13800.jpg,3
13394.jpg,9
13168.jpg,18
10347.jpg,17
21248.jpg,9
6375.jpg,16
15212.jpg,6
4003.jpg,0
10062.jpg,3
29106.jpg,14
17148.jpg,2
27276.jpg,2
234.jpg,11
2392.jpg,4
8701.jpg,0
24480.jpg,17
7728.jpg,18
20477.jpg,17
635.jpg,12
10711.jpg,9
17241.jpg,16
24985.jpg,6
20148.jpg,16
17962.jpg,8
23184.jpg,6
12295.jpg,19
26043.jpg,13
4973.jpg,6
4926.jpg,9
2228.jpg,8
10896.jpg,8
30133.jpg,17
16972.jpg,14
10808.jpg,2
25156.jpg,8
10708.jpg,0
31544.jpg,0
9950.jpg,1
15575.jpg,17
26859.jpg,0
8481.jpg,3
9847.jpg,13
9227.jpg,4
622.jpg,3
6984.jpg,2
14870.jpg,13
25716.jpg,2
31039.jpg,1
10262.jpg,3
13405.jpg,7
15347.jpg,3
25665.jpg,9
6618.jpg,6
534.jpg,11
676.jpg,8
24005.jpg,6
3528.jpg,9
8707.jpg,9
27483.jpg,2
64.jpg,19
24542.jpg,9
20839.jpg,2
20287.jpg,10
26729.jpg,6
3733.jpg,0
30493.jpg,3
21301.jpg,12
9075.jpg,14
14488.jpg,19
27001.jpg,7
5312.jpg,12
21800.jpg,19
4292.jpg,8
27853.jpg,0
30920.jpg,9
10358.jpg,18
4975.jpg,6
9047.jpg,16
13704.jpg,18
31448.jpg,14
24939.jpg,19
28746.jpg,17
6295.jpg,0
13954.jpg,11
27357.jpg,17
29665.jpg,17
3380.jpg,4
31709.jpg,9
6670.jpg,9
21224.jpg,9
6229.jpg,9
29381.jpg,4
11522.jpg,9
23060.jpg,9
9085.jpg,19
15748.jpg,17
7128.jpg,2
21138.jpg,16
4130.jpg,16
19840.jpg,9
15622.jpg,6
12522.jpg,18
19332.jpg,11
2886.jpg,8
7032.jpg,9
9189.jpg,16
12484.jpg,1
25494.jpg,9
29580.jpg,7
17635.jpg,18
30338.jpg,16
7305.jpg,8
19348.jpg,17
27617.jpg,8
21354.jpg,9
10026.jpg,9
25412.jpg,1
16928.jpg,17
18131.jpg,14
31188.jpg,13
2460.jpg,19
5932.jpg,6
6712.jpg,9
693.jpg,9
28970.jpg,11
24846.jpg,4
20034.jpg,0
23701.jpg,9
13937.jpg,9
13788.jpg,17
12028.jpg,16
23057.jpg,8
2206.jpg,19
25092.jpg,11
10224.jpg,19
9357.jpg,17
25595.jpg,17
214.jpg,12
21401.jpg,6
31352.jpg,0
837.jpg,3
6471.jpg,14
1484.jpg,3
18709.jpg,0
18838.jpg,17
15381.jpg,13
13308.jpg,18
16071.jpg,16
13541.jpg,14
14536.jpg,1
18601.jpg,18
26930.jpg,17
29942.jpg,14
16557.jpg,10
18593.jpg,17
13732.jpg,6
29844.jpg,11
13167.jpg,3
5613.jpg,6
30815.jpg,9
15365.jpg,17
19641.jpg,6
1905.jpg,18
28665.jpg,9
17844.jpg,2
18577.jpg,9
13680.jpg,2
6027.jpg,9
25054.jpg,13
22985.jpg,19
7370.jpg,11
19461.jpg,17
30505.jpg,3
21787.jpg,6
6724.jpg,12
2883.jpg,6
18194.jpg,9
27268.jpg,9
16042.jpg,4
29872.jpg,7
16641.jpg,8
27055.jpg,6
12827.jpg,18
20077.jpg,11
28690.jpg,19
7122.jpg,9
22271.jpg,3
18553.jpg,19
9394.jpg,11
4233.jpg,8
26306.jpg,9
6722.jpg,9
9715.jpg,11
16224.jpg,16
3599.jpg,16
17359.jpg,18
15080.jpg,19
15371.jpg,9
10034.jpg,11
31315.jpg,8
82.jpg,0
29685.jpg,2
8543.jpg,10
10154.jpg,7
29823.jpg,19
17972.jpg,10
14202.jpg,9
2439.jpg,3
31685.jpg,6
11738.jpg,13
13803.jpg,6
20813.jpg,7
26115.jpg,4
13831.jpg,4
312.jpg,2
18170.jpg,18
543.jpg,2
12668.jpg,9
9031.jpg,18
25798.jpg,17
4659.jpg,6
17669.jpg,0
26193.jpg,14
15238.jpg,8
20473.jpg,9
27104.jpg,11
10726.jpg,6
29413.jpg,9
4663.jpg,17
5032.jpg,2
20553.jpg,11
30756.jpg,3
12359.jpg,18
7452.jpg,2
18445.jpg,11
8688.jpg,2
12877.jpg,19
22265.jpg,4
28670.jpg,2
14517.jpg,9
3877.jpg,0
5855.jpg,9
4757.jpg,18
767.jpg,17
24646.jpg,18
19242.jpg,11
11558.jpg,6
15191.jpg,6
27390.jpg,19
22383.jpg,0
9759.jpg,16
17246.jpg,7
19848.jpg,7
17643.jpg,4
31904.jpg,11
258.jpg,14
17933.jpg,9
18233.jpg,1
21213.jpg,14
20653.jpg,8
13929.jpg,3
18861.jpg,19
21052.jpg,7
31366.jpg,3
21235.jpg,17
20920.jpg,1
14660.jpg,19
16788.jpg,3
27253.jpg,9
18837.jpg,14
18922.jpg,17
21701.jpg,2
179.jpg,18
4589.jpg,18
5997.jpg,2
17792.jpg,7
14676.jpg,4
13287.jpg,18
19464.jpg,9
30350.jpg,8
1740.jpg,7
17661.jpg,9
4841.jpg,13
25337.jpg,2
13855.jpg,5
6119.jpg,19
20801.jpg,16
23441.jpg,12
16008.jpg,19
18112.jpg,8
9931.jpg,9
8814.jpg,3
15844.jpg,3
26460.jpg,2
22480.jpg,3
7840.jpg,19
7039.jpg,19
350.jpg,9
24868.jpg,9
17465.jpg,4
19894.jpg,3
20879.jpg,3
12241.jpg,19
25425.jpg,1
9212.jpg,13
7034.jpg,2
28054.jpg,9
15693.jpg,18
3195.jpg,6
25631.jpg,2
21171.jpg,8
31586.jpg,6
21154.jpg,9
22845.jpg,1
19211.jpg,6
399.jpg,2
21178.jpg,13
1686.jpg,9
6707.jpg,6
16867.jpg,19
29733.jpg,12
4232.jpg,6
9722.jpg,3
16320.jpg,18
29468.jpg,16
7507.jpg,8
15815.jpg,9
11918.jpg,18
1243.jpg,6
23334.jpg,8
2695.jpg,18
17076.jpg,8
21335.jpg,9
9410.jpg,16
14050.jpg,9
14945.jpg,7
9866.jpg,11
31210.jpg,9
181.jpg,18
16914.jpg,0
8271.jpg,4
31114.jpg,16
28066.jpg,6
11996.jpg,1
9158.jpg,4
17929.jpg,1
6662.jpg,9
11719.jpg,9
14192.jpg,2
16464.jpg,8
10518.jpg,12
10818.jpg,16
3423.jpg,3
17459.jpg,18
31591.jpg,2
9308.jpg,17
498.jpg,13
17991.jpg,9
5208.jpg,11
22186.jpg,14
6534.jpg,7
24176.jpg,19
19874.jpg,16
28854.jpg,18
21462.jpg,4
6188.jpg,18
7483.jpg,4
20498.jpg,9
14405.jpg,6
7132.jpg,9
2888.jpg,17
7680.jpg,7
17452.jpg,0
20799.jpg,11
24851.jpg,18
20516.jpg,0
16483.jpg,7
23934.jpg,19
10225.jpg,0
22112.jpg,9
19836.jpg,3
27960.jpg,9
27235.jpg,9
14842.jpg,9
13115.jpg,5
18486.jpg,6
18259.jpg,11
2980.jpg,11
8322.jpg,11
20469.jpg,18
21703.jpg,4
16484.jpg,9
14042.jpg,0
23312.jpg,2
19084.jpg,7
31452.jpg,16
9045.jpg,6
30066.jpg,1
8836.jpg,14
22949.jpg,9
25358.jpg,6
29926.jpg,11
3235.jpg,5
11858.jpg,0
6995.jpg,14
2829.jpg,6
17632.jpg,3
1926.jpg,9
12713.jpg,8
30331.jpg,13
31668.jpg,1
3784.jpg,2
21476.jpg,18
5753.jpg,4
4488.jpg,18
13828.jpg,7
9861.jpg,2
10642.jpg,17
3540.jpg,14
269.jpg,9
16103.jpg,3
8369.jpg,9
371.jpg,4
30582.jpg,9
19252.jpg,11
22643.jpg,9
19253.jpg,3
3744.jpg,11
16369.jpg,9
12791.jpg,1
80.jpg,18
22966.jpg,16
23602.jpg,11
21206.jpg,2
17044.jpg,1
23911.jpg,7
17896.jpg,9
16622.jpg,4
17712.jpg,11
12985.jpg,18
1993.jpg,8
3755.jpg,7
13687.jpg,11
31572.jpg,14
11216.jpg,6
3291.jpg,3
12965.jpg,9
21803.jpg,18
31465.jpg,3
13149.jpg,16
10873.jpg,18
7734.jpg,7
11786.jpg,8
2955.jpg,1
18447.jpg,3
24613.jpg,4
26414.jpg,18
16945.jpg,5
25799.jpg,1
18044.jpg,9
4815.jpg,1
2185.jpg,18
15583.jpg,17
8521.jpg,9
16100.jpg,4
27793.jpg,5
30524.jpg,12
2910.jpg,11
18257.jpg,11
21744.jpg,5
9177.jpg,18
5702.jpg,9
18422.jpg,4
19996.jpg,17
22954.jpg,19
11485.jpg,18
5603.jpg,6
3927.jpg,1
20131.jpg,7
8781.jpg,18
6465.jpg,9
21043.jpg,18
18893.jpg,19
13814.jpg,19
10938.jpg,9
14113.jpg,1
6110.jpg,7
28444.jpg,6
24050.jpg,6
12331.jpg,9
16923.jpg,3
2054.jpg,8
15317.jpg,6
27482.jpg,1
7490.jpg,9
30096.jpg,13
6271.jpg,6
19107.jpg,2
14626.jpg,18
15097.jpg,2
12700.jpg,19
11117.jpg,18
24430.jpg,7
20066.jpg,18
8463.jpg,16
13023.jpg,7
13416.jpg,19
19254.jpg,8
22195.jpg,3
23277.jpg,18
23358.jpg,18
4936.jpg,14
20169.jpg,7
25459.jpg,9
6862.jpg,19
6182.jpg,7
3868.jpg,9
9920.jpg,13
23225.jpg,3
18387.jpg,0
4028.jpg,9
25869.jpg,5
28940.jpg,8
877.jpg,5
23236.jpg,7
28176.jpg,6
27115.jpg,4
743.jpg,16
18098.jpg,4
28653.jpg,4
24075.jpg,4
9317.jpg,7
8358.jpg,9
1952.jpg,2
11620.jpg,17
3047.jpg,0
24022.jpg,8
19922.jpg,4
7474.jpg,2
5307.jpg,1
26218.jpg,9
6570.jpg,11
11431.jpg,19
30852.jpg,19
11872.jpg,8
30589.jpg,14
27759.jpg,4
11065.jpg,0
1577.jpg,9
31801.jpg,4
2809.jpg,1
26622.jpg,11
16563.jpg,0
26048.jpg,1
10868.jpg,18
3105.jpg,18
12217.jpg,16
26655.jpg,7
7502.jpg,14
19913.jpg,11
18672.jpg,11
26841.jpg,11
8329.jpg,19
13339.jpg,13
9215.jpg,4
12808.jpg,18
5822.jpg,14
29520.jpg,11
240.jpg,2
22607.jpg,18
6887.jpg,9
275.jpg,7
330.jpg,4
16067.jpg,11
8036.jpg,1
3562.jpg,11
2002.jpg,6
11725.jpg,4
10573.jpg,3
12607.jpg,7
18952.jpg,8
30076.jpg,19
28652.jpg,14
15532.jpg,3
8294.jpg,1
8357.jpg,17
20003.jpg,19
25070.jpg,9
25071.jpg,9
5315.jpg,4
27182.jpg,17
29641.jpg,3
26603.jpg,9
10282.jpg,11
15870.jpg,14
8681.jpg,7
17388.jpg,7
20766.jpg,0
30713.jpg,12
22222.jpg,16
10134.jpg,9
21942.jpg,7
3579.jpg,18
27197.jpg,17
31343.jpg,1
7168.jpg,5
19321.jpg,1
27668.jpg,18
9783.jpg,1
8795.jpg,13
23105.jpg,6
5302.jpg,19
4868.jpg,9
2564.jpg,2
20971.jpg,2
30822.jpg,18
20841.jpg,2
19994.jpg,6
22880.jpg,16
23286.jpg,9
30972.jpg,7
9248.jpg,10
19556.jpg,13
2320.jpg,2
1718.jpg,1
7028.jpg,7
4350.jpg,17
28789.jpg,7
13160.jpg,8
17011.jpg,6
23788.jpg,6
8152.jpg,18
20835.jpg,7
29032.jpg,13
11941.jpg,9
28831.jpg,0
7944.jpg,4
10330.jpg,6
7288.jpg,17
23838.jpg,5
22791.jpg,9
30021.jpg,16
8741.jpg,7
14218.jpg,0
12947.jpg,19
3819.jpg,17
3516.jpg,14
24924.jpg,8
19597.jpg,7
9792.jpg,16
11903.jpg,18
18990.jpg,9
27085.jpg,3
8314.jpg,1
29156.jpg,14
26784.jpg,17
22687.jpg,1
5331.jpg,2
15419.jpg,13
3311.jpg,19
30151.jpg,0
889.jpg,17
28079.jpg,18
447.jpg,14
18328.jpg,0
10962.jpg,19
7820.jpg,16
9852.jpg,13
19852.jpg,6
3598.jpg,4
28150.jpg,0
19679.jpg,8
1489.jpg,6
18331.jpg,9
14861.jpg,17
18226.jpg,9
5541.jpg,18
26984.jpg,2
1604.jpg,13
8648.jpg,19
13714.jpg,14
26219.jpg,9
19968.jpg,3
21742.jpg,18
30247.jpg,16
1906.jpg,2
13942.jpg,10
15437.jpg,19
14390.jpg,18
27560.jpg,3
9059.jpg,18
3701.jpg,16
21548.jpg,18
1861.jpg,11
14791.jpg,17
7221.jpg,8
24464.jpg,9
11423.jpg,10
19532.jpg,18
2863.jpg,18
22801.jpg,2
4184.jpg,17
15388.jpg,8
8227.jpg,11
30148.jpg,16
17078.jpg,18
8111.jpg,9
9211.jpg,3
25342.jpg,6
31753.jpg,16
22722.jpg,2
20333.jpg,8
13100.jpg,4
30858.jpg,11
1547.jpg,4
13164.jpg,1
27023.jpg,19
15959.jpg,12
951.jpg,9
8026.jpg,16
24320.jpg,5
10829.jpg,18
4939.jpg,9
11366.jpg,18
17922.jpg,19
16857.jpg,6
9466.jpg,9
28377.jpg,8
3858.jpg,14
613.jpg,13
10287.jpg,18
23332.jpg,18
6289.jpg,13
12335.jpg,4
8453.jpg,19
4216.jpg,6
3916.jpg,8
26811.jpg,19
1237.jpg,16
13773.jpg,18
29042.jpg,4
25322.jpg,16
30807.jpg,7
21032.jpg,6
1165.jpg,19
2535.jpg,7
3431.jpg,13
31433.jpg,17
11471.jpg,9
5648.jpg,14
2647.jpg,18
18179.jpg,4
6558.jpg,9
29874.jpg,11
11220.jpg,11
31191.jpg,14
8194.jpg,9
6258.jpg,6
20862.jpg,1
12383.jpg,19
6251.jpg,6
5424.jpg,3
30719.jpg,18
16891.jpg,4
31885.jpg,6
19838.jpg,7
27505.jpg,17
14886.jpg,17
3252.jpg,11
15247.jpg,6
12986.jpg,19
9964.jpg,0
14128.jpg,11
7307.jpg,16
31547.jpg,13
18346.jpg,18
1699.jpg,12
21929.jpg,11
20991.jpg,7
13333.jpg,19
3283.jpg,19
3616.jpg,6
2548.jpg,0
12346.jpg,9
24909.jpg,8
27279.jpg,4
19165.jpg,3
11896.jpg,0
20425.jpg,5
514.jpg,17
17786.jpg,17
31130.jpg,18
6650.jpg,10
5182.jpg,11
29692.jpg,19
30590.jpg,13
15723.jpg,19
26181.jpg,18
8725.jpg,9
14096.jpg,3
9798.jpg,13
21394.jpg,3
17046.jpg,1
9186.jpg,18
24561.jpg,3
21141.jpg,19
11658.jpg,18
29858.jpg,0
221.jpg,18
20874.jpg,16
9495.jpg,0
14871.jpg,17
21262.jpg,9
28494.jpg,9
24254.jpg,8
3064.jpg,9
23871.jpg,17
2530.jpg,4
13742.jpg,8
25376.jpg,19
15062.jpg,1
8513.jpg,1
3023.jpg,5
25855.jpg,7
28180.jpg,14
2987.jpg,9
18834.jpg,19
12187.jpg,16
31840.jpg,4
4067.jpg,9
26468.jpg,11
28498.jpg,18
19766.jpg,17
25696.jpg,16
31878.jpg,14
4671.jpg,1
1990.jpg,19
24872.jpg,2
16319.jpg,16
23824.jpg,9
12426.jpg,11
8157.jpg,3
19811.jpg,11
24770.jpg,3
4017.jpg,9
5679.jpg,5
21556.jpg,11
30308.jpg,6
212.jpg,19
25266.jpg,9
23609.jpg,19
31909.jpg,6
16419.jpg,3
15266.jpg,18
22562.jpg,7
28726.jpg,6
11648.jpg,6
23584.jpg,9
18678.jpg,9
949.jpg,9
3279.jpg,5
8948.jpg,4
10779.jpg,14
28132.jpg,9
29093.jpg,3
3337.jpg,9
